"AS1","AS2","AS3","AS4","AS5","AS6","AS7","AS8","AS9","AS10","SC1","SC2","SC3","SC4","SC5","SC6","SC7","SC8","SC9","SC10","AD1","AD2","AD3","AD4","AD5","AD6","AD7","AD8","AD9","AD10","DO1","DO2","DO3","DO4","DO5","DO6","DO7","DO8","DO9","DO10","age","gender"
4,4,3,3,5,4,1,3,1,1,5,3,3,5,5,3,1,1,1,2,5,5,5,5,0,1,2,4,0,3,1,1,3,1,3,2,5,4,2,1,29,2
4,3,4,4,3,2,3,3,4,3,4,4,2,4,4,3,2,2,4,3,2,4,4,3,4,4,4,4,3,4,4,4,3,2,3,2,3,3,2,2,49,2
5,4,4,5,3,3,2,2,1,1,4,4,5,5,4,3,1,2,2,1,4,4,4,4,3,3,2,2,2,2,4,3,3,3,3,4,4,5,2,3,52,1
4,3,3,2,3,3,4,3,4,1,2,2,2,4,2,5,3,4,4,1,4,5,5,4,3,3,2,2,1,4,3,3,3,3,4,4,4,5,3,1,34,2
4,4,4,4,4,3,2,1,2,0,2,3,5,4,4,3,2,4,3,2,4,5,5,5,2,2,2,2,2,2,4,4,4,3,4,3,5,5,4,4,52,2
3,4,4,3,3,3,3,2,3,3,3,3,2,3,2,3,4,3,3,4,3,3,3,3,4,4,4,4,4,4,4,3,3,4,4,4,3,4,4,3,27,2
4,5,4,3,4,3,2,2,1,1,5,2,2,4,3,2,1,1,1,1,3,4,4,2,4,3,3,4,1,2,2,1,4,2,2,2,2,4,1,1,46,2
5,5,5,5,5,5,2,2,1,1,4,2,5,5,5,0,1,2,2,1,4,5,5,5,2,2,2,2,1,2,4,4,4,4,4,2,4,4,4,4,42,2
3,4,3,3,4,3,2,2,2,2,4,4,2,3,3,2,3,2,3,3,4,3,3,4,2,2,2,3,2,2,4,3,4,3,4,4,4,3,3,2,31,2
3,4,4,4,3,4,2,3,3,2,2,2,2,2,2,4,4,4,4,1,2,2,5,4,2,4,3,3,1,2,3,3,4,2,4,2,3,5,2,2,29,1
4,2,4,4,3,4,4,4,2,2,4,2,4,4,3,4,2,3,5,3,3,4,4,4,3,3,3,4,2,3,3,2,4,2,5,2,4,5,2,2,31,2
5,2,4,4,2,4,2,2,1,1,5,5,5,5,3,1,1,1,1,1,4,5,5,4,4,2,2,3,1,2,4,4,4,3,4,2,4,5,2,2,55,1
4,5,5,4,4,5,2,2,2,3,4,4,5,3,3,4,3,2,2,2,2,4,5,4,4,3,2,4,4,4,2,4,3,2,2,3,1,2,3,1,43,2
5,4,3,4,3,4,2,2,1,1,5,3,4,5,3,0,0,0,0,0,0,0,0,0,0,0,0,0,0,0,0,0,0,0,0,0,0,0,0,0,38,1
4,3,3,4,4,4,2,3,1,1,5,5,5,4,4,1,2,1,2,1,1,5,5,5,1,1,1,1,1,1,4,3,4,2,4,3,5,4,2,1,24,1
4,4,3,3,4,4,2,2,2,1,4,3,3,4,3,2,1,1,1,1,5,5,5,5,1,2,2,1,3,1,3,2,2,1,1,2,4,4,1,1,59,2
3,4,4,4,3,4,3,3,1,2,4,5,2,3,3,2,2,2,2,1,4,5,5,4,2,3,3,3,1,2,4,4,3,4,4,3,3,3,1,2,25,2
4,5,3,3,3,4,3,3,2,2,4,3,5,3,2,2,2,2,4,1,3,5,5,5,4,3,2,4,1,2,3,4,3,3,2,2,4,4,2,2,31,2
4,4,4,4,4,4,2,3,1,2,4,4,3,4,4,2,2,2,3,2,4,5,5,4,3,2,1,2,1,2,4,4,2,2,3,2,4,4,2,4,52,2
4,3,2,2,4,4,4,3,4,3,2,2,2,4,2,4,3,4,4,2,4,4,4,3,4,4,4,4,2,4,2,2,2,2,2,2,2,2,2,2,47,2
5,5,4,5,4,5,3,3,1,1,4,4,4,5,5,3,1,3,3,1,5,5,5,5,2,2,2,3,1,2,4,4,4,4,4,4,4,5,3,4,50,2
2,2,2,4,2,1,4,4,2,2,5,2,3,2,4,5,2,1,5,4,3,4,5,5,2,5,2,4,1,3,3,3,3,2,1,1,5,4,2,2,25,2
5,4,5,4,5,5,1,1,1,1,2,1,1,5,3,4,2,3,4,1,5,5,5,5,3,2,1,3,1,1,5,5,5,4,5,4,4,5,3,4,33,1
3,4,4,2,4,4,3,3,2,2,2,2,2,3,2,4,3,4,3,2,3,5,4,4,2,2,2,4,1,2,3,3,4,3,4,2,3,3,4,3,31,2
5,5,4,5,4,4,2,4,2,1,5,4,4,5,5,4,5,2,2,1,1,1,1,1,1,1,1,2,1,1,2,2,3,4,3,2,4,4,4,4,44,1
1,1,1,3,1,1,3,3,5,1,2,1,1,1,1,5,5,5,5,4,5,3,5,5,1,1,1,1,1,1,1,1,1,1,1,1,1,3,1,1,25,1
5,5,5,4,5,5,2,4,1,1,5,4,2,5,4,1,1,1,1,1,5,5,5,5,2,2,2,1,1,1,4,5,4,2,0,4,3,3,2,3,49,2
4,3,3,4,4,3,4,3,4,2,2,2,3,4,3,4,4,4,4,4,3,4,2,3,4,3,3,4,3,4,3,3,3,2,3,2,4,4,2,2,49,1
2,3,3,3,4,2,2,4,3,2,4,2,3,2,3,3,2,2,4,2,3,4,5,3,3,2,2,2,2,2,4,3,4,1,2,2,4,4,3,1,23,1
4,4,4,5,4,4,2,4,2,1,4,4,4,4,5,2,1,2,2,1,4,5,5,4,3,2,2,2,2,2,3,2,2,2,2,2,3,2,1,1,40,1
2,4,4,4,4,4,2,2,1,1,3,2,2,3,3,2,2,4,4,1,3,4,5,5,4,2,1,3,2,2,5,5,4,3,4,4,3,3,3,3,23,1
2,4,4,4,4,4,1,1,1,1,1,3,3,2,4,3,1,5,3,4,4,5,5,5,1,1,1,1,1,1,5,5,5,2,5,4,4,4,2,1,20,1
4,3,3,4,3,3,3,3,2,1,4,3,4,4,4,3,2,2,3,2,5,4,5,5,2,2,2,2,2,2,3,3,2,2,2,2,4,4,2,2,60,1
2,3,3,4,3,4,4,4,0,0,0,0,0,0,0,0,0,0,0,0,0,0,0,0,0,0,0,0,0,0,0,0,0,0,0,0,0,0,0,0,32,1
5,4,2,5,2,4,4,4,1,2,4,4,1,5,4,2,2,2,2,2,4,5,5,4,2,2,2,2,2,1,4,2,2,4,4,4,4,4,4,1,24,1
5,5,5,3,5,5,1,1,1,1,2,1,2,5,3,5,1,4,5,1,4,3,5,5,1,1,1,1,1,1,5,5,5,5,5,5,5,5,4,4,39,2
2,4,3,5,2,3,4,2,1,2,3,4,2,2,2,2,1,4,2,1,2,4,3,5,3,2,1,4,2,4,4,3,4,4,5,3,2,4,3,4,32,1
4,3,5,3,2,4,3,3,2,2,4,4,4,4,3,1,1,1,1,1,3,5,5,4,3,1,1,1,1,3,3,1,4,4,3,3,2,2,2,1,50,2
4,4,3,2,2,4,4,1,2,1,3,4,5,4,2,2,4,5,4,2,4,4,3,4,2,2,2,4,1,2,4,4,4,4,4,5,4,5,2,3,23,1
4,4,2,3,4,4,3,3,1,1,5,5,5,4,4,1,1,1,1,1,5,4,5,4,2,2,2,3,3,2,3,4,3,3,3,4,2,3,2,1,17,1
2,2,2,4,2,3,4,4,4,2,2,2,2,2,2,4,2,4,2,4,4,5,4,5,2,2,3,2,2,2,4,4,3,2,2,2,2,2,2,2,29,2
5,4,4,5,3,4,2,2,4,2,4,4,4,5,5,1,1,2,2,1,4,4,4,4,1,1,1,1,1,1,4,4,4,3,3,3,4,4,2,3,54,2
3,4,4,3,4,5,3,4,1,1,4,3,3,3,4,3,2,1,3,1,2,5,5,5,3,1,5,4,4,2,3,3,3,2,3,3,5,4,4,4,29,2
4,4,5,3,4,4,2,2,1,4,2,0,2,3,3,4,2,2,4,3,2,4,3,3,4,3,3,5,3,4,3,2,3,2,3,2,3,3,2,1,26,2
2,3,3,3,1,2,4,2,3,2,2,2,1,2,3,4,3,4,4,1,2,3,5,3,4,4,4,3,1,1,3,2,4,3,2,5,3,2,3,3,27,1
4,4,4,4,3,4,3,2,2,2,4,4,4,3,3,3,3,2,4,2,3,4,4,4,3,3,2,3,2,2,4,4,2,2,4,4,3,4,3,2,27,1
3,3,2,4,3,3,4,3,1,2,3,2,1,3,3,4,2,3,4,2,3,4,4,4,4,3,2,3,2,2,3,3,3,2,2,2,4,3,2,2,36,1
2,5,2,3,2,3,3,4,1,2,5,5,4,2,4,1,2,2,2,3,4,5,5,4,2,1,1,4,1,2,5,4,4,3,4,2,2,2,1,2,35,1
2,2,2,3,3,4,4,4,1,2,4,2,1,2,2,3,2,2,4,1,4,4,5,4,4,4,2,4,2,2,4,4,2,2,4,4,2,2,1,2,33,2
5,5,4,4,5,5,2,2,1,1,4,4,5,5,4,2,2,3,3,1,2,5,5,4,4,1,1,4,2,4,5,4,3,2,3,2,5,5,1,3,21,1
4,3,3,4,4,2,4,4,1,2,5,5,4,4,4,1,1,1,2,2,3,4,4,4,4,2,2,4,4,4,4,4,2,2,2,4,2,2,1,1,38,1
4,4,4,3,4,4,1,2,1,2,4,4,4,4,3,2,2,2,2,1,4,5,4,4,4,2,2,3,1,2,3,3,4,4,4,3,4,4,4,4,28,2
3,4,3,4,3,3,2,2,2,2,3,2,4,3,4,2,2,3,3,2,3,4,5,5,3,2,2,4,2,2,4,3,2,2,3,2,3,4,3,2,22,1
4,3,5,4,4,3,2,1,1,1,5,5,3,4,5,1,1,1,3,1,5,5,5,5,3,1,1,3,1,1,5,5,5,1,4,1,5,5,4,1,39,1
2,4,4,4,4,4,2,2,2,1,3,4,4,2,3,3,3,3,2,3,4,3,4,4,3,1,1,1,1,1,3,3,3,3,3,3,4,4,3,3,29,1
4,4,4,5,3,4,2,3,4,1,3,5,5,4,4,1,2,3,2,2,5,5,4,4,3,3,3,2,1,2,5,5,3,1,2,4,2,3,2,1,37,1
4,4,4,4,2,3,3,3,1,1,2,1,2,4,4,5,2,4,5,1,5,3,4,5,2,3,3,2,4,2,4,4,2,2,2,2,2,2,2,3,48,1
3,3,4,5,4,3,2,3,2,2,5,4,3,3,5,2,1,2,2,2,4,4,5,5,2,1,1,2,1,2,3,3,2,2,2,3,2,4,2,2,24,1
5,4,4,4,4,3,2,5,3,4,3,4,3,5,3,4,2,3,4,2,4,5,5,5,4,2,1,3,1,4,2,3,3,2,3,2,4,3,1,3,51,2
4,4,4,4,2,4,2,1,2,1,4,5,5,4,4,2,1,2,2,2,4,5,5,2,1,2,1,2,2,2,4,4,4,2,4,4,4,5,2,4,43,1
4,3,3,3,5,4,3,4,4,1,5,5,2,4,2,2,3,2,2,1,4,5,5,5,2,1,1,4,1,1,4,5,4,2,2,1,2,4,5,3,27,2
4,4,4,4,3,4,2,2,1,1,4,4,4,4,4,2,1,2,2,1,4,5,5,5,4,3,3,4,3,5,5,5,5,5,3,4,4,5,4,4,46,1
3,4,3,4,4,4,3,2,2,1,3,4,4,3,4,3,2,3,4,4,3,5,5,4,3,3,2,3,2,4,4,4,4,4,4,3,3,4,4,3,42,2
4,4,4,4,4,3,3,4,3,2,4,3,2,4,3,3,3,4,4,2,5,5,5,5,3,2,2,2,2,2,3,3,3,2,4,3,4,3,3,4,34,2
4,4,2,5,4,3,4,4,4,2,3,2,3,5,4,4,2,4,4,3,5,5,5,5,3,2,2,3,1,2,4,3,4,4,4,1,4,4,1,2,23,2
5,0,3,5,3,4,1,3,2,1,4,5,5,5,5,2,1,1,2,1,5,5,5,5,2,1,1,3,1,1,3,3,3,3,2,3,4,5,2,2,41,1
5,4,4,4,4,3,3,3,2,1,5,4,5,5,4,2,2,1,2,1,5,5,5,5,2,2,1,2,1,3,2,2,4,3,3,4,5,4,3,3,48,1
4,2,4,2,2,4,4,2,1,2,5,2,2,4,2,4,4,2,4,1,5,5,5,5,2,1,1,4,4,2,4,4,4,4,5,2,2,4,2,2,26,2
4,1,3,3,3,4,4,3,2,1,3,2,3,4,3,4,3,3,4,4,2,4,5,4,3,5,3,4,2,1,1,4,3,2,5,4,3,5,3,2,30,1
4,2,2,4,2,3,3,3,2,2,4,2,1,4,2,4,3,2,4,2,4,4,4,4,3,2,2,3,1,2,2,2,4,3,4,3,3,3,2,2,44,2
5,2,2,4,2,2,3,2,3,3,4,4,1,5,4,2,0,2,2,1,4,5,5,5,1,1,1,1,1,1,3,2,4,2,3,3,2,5,2,3,29,2
5,4,3,3,4,0,2,4,4,2,5,4,4,4,4,1,1,2,2,2,4,5,5,4,3,3,4,2,5,2,4,4,3,2,3,2,3,2,2,2,45,2
3,4,2,2,5,4,4,4,1,2,5,2,1,3,4,2,2,2,3,2,4,3,4,4,4,4,3,3,3,4,4,4,4,4,4,4,3,4,4,4,30,2
5,5,5,5,5,5,1,2,1,1,5,4,5,4,3,1,3,3,1,1,5,4,4,3,2,2,1,1,1,1,5,5,4,1,5,5,5,5,3,2,49,1
5,4,3,3,2,2,2,2,1,1,5,5,5,5,3,1,3,2,2,1,4,4,5,3,4,3,1,2,1,2,3,3,4,3,5,3,5,5,2,2,26,1
2,3,2,2,4,3,3,4,4,4,5,2,2,4,3,4,2,3,4,4,2,4,4,4,4,2,2,2,2,1,4,3,2,2,4,3,2,2,3,2,40,1
5,4,3,3,3,4,3,4,4,1,4,5,5,5,5,1,2,2,1,2,3,3,5,5,3,2,1,1,1,1,1,1,1,1,5,3,4,4,2,2,32,2
4,3,4,2,2,4,4,4,1,1,3,4,2,4,2,2,2,4,3,4,2,3,4,5,5,3,4,4,2,5,5,4,5,4,5,2,5,4,5,4,20,1
5,4,5,4,5,4,1,2,1,1,5,5,5,5,4,1,2,1,1,1,5,5,5,5,4,3,3,3,1,1,5,5,3,3,5,2,5,5,1,3,23,1
4,2,2,3,3,3,4,4,3,3,4,4,3,4,3,3,2,2,4,4,4,4,4,4,4,3,3,2,2,4,2,2,3,3,2,2,4,4,3,3,56,1
4,3,3,4,3,2,3,2,3,2,5,5,4,4,4,1,3,2,2,1,4,3,4,4,3,3,3,4,1,3,4,4,4,4,4,3,4,3,2,3,42,1
4,4,4,4,4,4,2,2,1,1,4,4,4,4,4,2,2,2,4,2,4,5,4,4,3,2,2,4,1,2,3,3,4,4,4,3,4,4,3,4,28,1
4,2,3,4,2,3,4,2,4,2,4,4,4,4,4,2,2,2,2,2,2,2,4,3,4,3,2,4,2,2,1,1,2,2,4,2,4,4,2,3,40,2
2,2,2,4,3,3,3,4,1,2,4,2,3,4,2,4,2,2,4,2,4,4,4,3,3,2,2,4,2,2,3,2,2,2,2,2,2,4,1,1,28,2
4,3,2,3,4,4,3,2,1,1,3,2,2,4,3,3,3,2,4,2,3,4,5,5,3,3,5,4,1,1,4,2,3,4,4,2,4,5,3,3,20,2
4,3,4,5,4,5,3,4,2,1,4,4,5,4,4,2,1,3,4,2,5,5,5,5,4,2,2,2,1,1,3,3,4,3,3,3,4,5,2,2,43,1
4,5,4,3,4,4,2,2,1,4,5,5,3,5,4,1,3,2,1,2,5,4,4,5,2,1,1,2,3,2,5,4,2,3,4,4,4,3,4,2,21,1
4,5,3,4,2,4,3,3,1,1,4,4,3,4,4,2,2,2,3,2,3,5,5,5,3,4,3,3,3,2,4,4,3,2,3,3,4,3,2,2,37,1
4,3,5,4,4,4,3,2,3,1,5,4,5,4,4,3,2,2,2,1,4,5,5,5,3,3,2,3,1,3,4,5,5,4,5,4,5,5,4,4,26,2
3,2,2,3,2,4,4,3,2,5,4,2,1,3,3,3,2,2,4,4,3,4,5,3,3,2,2,2,2,2,3,2,2,1,2,2,3,3,2,1,30,2
4,4,3,4,4,4,1,1,1,1,4,2,4,4,3,4,2,1,2,2,5,4,4,4,2,2,2,2,2,2,2,2,2,2,2,2,4,4,3,2,22,1
4,4,3,3,4,4,2,4,2,5,4,4,1,4,2,3,2,2,4,4,3,5,5,5,2,2,2,3,2,1,4,2,2,1,2,1,4,3,1,1,30,2
4,5,4,5,4,4,2,3,1,1,4,2,2,4,4,5,1,1,4,2,2,4,2,4,1,1,1,2,5,1,5,5,4,3,4,2,4,4,4,4,23,1
4,5,4,3,4,4,1,4,1,1,2,2,2,3,3,3,3,2,3,1,5,5,5,5,1,1,1,1,1,1,5,5,4,5,5,1,5,5,3,5,32,1
4,4,4,3,3,3,0,2,2,2,5,2,4,4,4,4,2,1,4,2,4,4,4,3,2,2,2,2,2,1,3,2,3,1,3,2,2,2,1,1,52,2
5,4,4,4,4,4,2,2,2,1,4,4,2,5,2,2,2,2,4,2,4,4,4,4,2,2,2,4,4,2,3,2,2,2,4,2,2,2,2,2,51,2
4,4,4,4,4,3,3,3,2,1,5,5,3,4,3,1,1,1,1,1,4,5,5,5,3,3,4,4,1,4,4,4,3,3,4,4,4,4,2,3,35,2
5,5,5,5,5,5,2,3,1,2,5,5,5,5,5,3,1,1,3,2,4,4,5,5,3,3,3,3,3,1,5,5,4,2,3,3,5,5,3,3,19,1
5,3,3,4,3,3,3,3,2,1,4,4,3,5,3,2,1,2,3,1,3,5,5,4,2,4,4,4,2,1,1,3,3,2,4,2,4,5,2,2,43,1
3,3,2,4,3,4,3,3,1,1,4,4,3,3,4,2,2,2,3,3,5,5,5,5,3,2,1,3,1,1,4,4,4,2,4,3,4,4,3,2,24,1
4,3,4,3,2,2,3,2,2,1,2,3,4,4,3,4,2,4,3,2,5,5,5,5,2,2,2,1,2,2,4,4,3,2,3,3,3,4,2,2,25,2
4,4,3,4,3,4,2,2,3,2,4,2,1,4,4,4,2,2,4,3,4,5,5,4,2,2,2,3,1,3,3,2,4,3,3,2,2,3,2,1,36,2
4,3,4,4,4,0,3,2,1,2,4,0,2,4,5,3,2,3,2,2,5,5,5,5,3,2,1,3,1,1,3,4,4,3,4,3,2,2,2,2,40,2
4,2,3,3,4,3,3,4,1,1,4,3,4,4,4,3,2,2,4,2,4,4,4,4,2,2,2,2,1,2,3,3,3,1,4,2,4,5,3,2,48,2
5,4,5,4,4,5,1,2,2,5,3,3,4,5,4,3,2,4,2,2,4,5,5,4,2,4,5,2,2,2,4,3,4,3,5,3,4,4,3,3,63,1
3,4,4,3,4,3,3,4,2,1,3,3,2,3,2,3,3,3,3,3,5,4,5,5,3,2,1,4,2,3,5,5,5,5,4,3,3,3,3,4,31,1
4,5,4,3,2,4,4,4,1,2,5,2,4,2,3,3,2,2,4,1,2,4,5,4,2,2,1,4,1,2,5,5,5,4,4,4,4,4,1,1,25,1
3,4,4,4,3,3,4,4,1,2,4,2,5,5,5,3,4,2,2,2,3,2,4,4,3,3,3,4,2,5,4,4,3,4,4,4,5,5,4,4,24,1
4,4,4,4,4,4,3,4,2,1,4,3,2,4,4,2,2,2,2,2,3,3,4,4,3,3,3,4,3,3,4,4,3,3,4,2,4,4,3,2,46,2
5,5,5,4,4,5,1,2,2,1,4,5,4,5,4,1,3,3,1,1,4,2,4,5,4,2,2,3,2,1,3,2,5,4,5,4,4,5,4,5,28,1
3,4,4,3,4,4,3,3,2,2,3,2,2,2,2,4,4,4,4,3,4,4,4,4,2,2,2,3,2,2,4,4,4,3,4,3,4,4,2,2,28,2
5,4,5,5,5,5,2,2,1,1,5,4,3,4,4,2,1,1,3,2,4,5,5,2,2,2,2,4,2,4,3,3,4,5,4,4,4,4,3,4,30,1
5,3,3,5,4,3,3,2,2,1,5,4,4,4,4,2,2,1,2,2,4,5,5,4,3,2,2,3,1,2,3,3,3,3,3,4,4,4,3,3,45,1
5,5,5,5,5,4,3,2,1,1,5,5,5,5,5,1,1,2,3,1,3,4,4,4,2,1,1,3,1,3,3,2,4,2,2,2,4,4,1,1,64,1
2,2,1,4,2,2,4,4,4,2,1,2,2,3,4,3,2,4,3,2,3,2,5,2,2,3,2,3,4,2,4,4,4,2,3,4,2,4,2,2,19,2
3,4,5,3,4,5,1,2,1,1,3,3,3,3,3,4,3,2,3,1,5,4,4,4,1,1,1,1,2,1,5,5,4,3,3,3,4,4,3,2,24,2
4,4,4,4,2,4,3,3,5,3,5,5,4,4,4,2,2,2,2,3,4,4,4,4,4,3,3,2,3,3,5,4,2,2,2,3,4,3,3,2,27,1
4,4,4,4,4,4,2,2,2,2,4,4,3,4,4,3,4,2,3,2,4,4,4,4,3,2,2,2,2,2,3,3,4,3,3,3,4,4,3,2,29,1
5,4,5,4,5,5,1,2,1,1,5,4,4,5,3,1,2,1,1,1,3,5,5,5,1,1,1,4,1,3,4,4,4,4,5,4,4,3,5,4,35,1
4,3,3,5,3,2,3,4,2,1,2,3,4,4,5,3,2,4,3,3,4,4,2,4,3,2,1,3,4,2,2,1,2,1,1,3,1,4,1,1,36,2
3,2,2,3,2,2,3,2,2,2,4,3,2,3,3,2,3,2,3,2,4,4,4,4,3,3,2,3,2,3,3,3,2,2,4,2,4,4,2,2,26,2
5,4,2,4,3,3,3,2,3,1,5,5,4,5,4,2,2,2,2,3,5,5,5,5,2,2,2,2,3,1,4,4,3,2,1,2,2,2,2,2,40,2
4,4,3,4,3,4,2,2,1,2,4,3,1,4,4,3,2,2,3,1,5,4,5,4,2,2,2,3,1,2,4,3,3,2,4,2,4,5,2,2,40,2
3,3,3,4,3,3,3,2,1,2,2,2,1,3,4,3,1,4,5,3,3,5,5,5,4,3,2,3,1,3,4,4,3,1,2,1,1,2,1,1,25,2
4,3,3,4,3,3,3,3,1,1,3,3,1,4,3,3,2,3,4,3,4,5,3,3,3,3,3,3,1,3,1,1,3,3,3,2,4,3,3,2,46,2
3,3,4,4,3,4,2,3,1,1,3,2,1,3,3,5,2,2,4,3,5,5,5,5,3,2,2,1,1,2,4,4,4,4,4,3,3,4,2,2,28,2
4,4,3,4,4,4,2,1,1,0,4,2,4,5,4,2,0,2,4,1,1,1,1,1,4,2,2,2,4,2,3,3,3,3,4,4,4,4,3,3,44,1
4,1,1,4,3,2,4,3,5,1,2,2,4,4,4,4,2,4,4,4,3,5,5,4,4,3,3,4,2,2,3,2,4,2,2,2,4,4,1,2,39,1
3,4,3,4,3,3,4,3,2,5,4,4,3,3,4,2,2,2,3,2,5,4,4,4,3,3,2,3,2,1,3,2,4,3,4,3,4,4,3,2,37,1
3,4,4,4,5,4,1,3,2,4,3,3,3,2,4,3,2,3,4,3,4,5,5,4,1,2,2,3,2,1,3,4,3,2,3,2,3,3,3,1,27,1
5,4,4,3,4,4,2,2,3,2,5,5,4,5,4,2,2,2,3,1,4,4,5,3,3,3,2,2,2,1,3,3,3,3,4,4,3,4,3,2,53,1
3,3,5,4,3,3,3,3,1,1,4,4,4,4,3,3,2,3,2,3,4,4,4,4,2,2,2,4,2,2,4,3,2,1,1,1,1,1,1,1,45,1
2,4,3,3,4,3,3,2,1,2,2,1,4,3,3,5,2,4,4,2,3,4,4,4,2,2,2,2,1,1,3,3,3,2,2,1,3,4,1,1,20,2
5,3,2,4,4,5,4,2,3,2,4,5,4,4,5,3,2,2,2,2,4,5,2,5,4,3,4,4,2,4,2,2,2,2,2,4,2,2,2,2,38,2
5,5,4,4,3,5,3,2,2,4,4,4,3,5,4,3,2,2,4,2,5,5,5,5,1,2,2,2,4,1,3,4,3,3,4,4,3,4,3,4,37,1
4,4,3,5,4,4,2,2,1,2,4,4,5,4,4,2,2,2,3,2,4,5,4,4,2,2,2,2,1,2,4,4,4,4,4,4,4,4,2,2,35,1
5,5,2,5,3,4,5,1,3,5,5,5,5,4,4,1,1,1,2,1,5,5,5,3,5,3,2,4,1,3,1,1,3,2,5,2,5,4,3,3,40,2
3,3,2,3,3,3,3,4,5,3,4,2,2,3,2,4,3,2,4,3,4,5,4,3,3,2,2,2,2,2,4,3,3,2,3,2,3,4,3,2,41,1
5,2,4,4,5,4,1,1,1,1,5,4,5,4,4,1,1,1,2,1,5,5,5,4,2,1,1,1,2,1,4,3,4,3,5,1,4,4,2,2,43,0
3,2,2,3,2,3,3,4,2,2,4,2,2,2,2,4,4,2,4,4,5,5,5,3,3,1,1,1,1,2,4,4,3,2,2,3,3,3,2,2,41,1
3,2,2,4,2,2,3,2,2,2,3,2,2,3,2,4,3,3,4,2,2,4,4,3,4,4,3,4,3,3,2,2,4,1,4,3,4,3,3,2,28,1
4,4,3,4,4,3,1,2,2,2,4,4,4,4,4,2,2,2,2,2,4,5,4,4,3,1,2,3,1,2,4,4,4,4,4,4,4,4,2,3,28,2
4,4,2,4,3,3,4,2,5,1,4,2,2,4,4,4,2,2,4,2,4,4,4,4,2,2,2,2,2,2,2,2,2,2,2,2,4,4,2,2,45,2
2,2,2,2,2,2,4,3,4,2,4,2,1,2,2,3,3,2,4,3,2,3,4,5,3,2,3,4,3,3,2,3,3,2,3,2,2,3,2,2,33,1
5,4,4,4,3,4,2,2,1,2,4,4,4,5,4,2,2,1,2,2,4,5,5,4,3,2,2,2,1,2,4,3,4,3,3,2,4,4,3,3,27,2
4,4,4,4,3,3,3,3,3,2,3,4,1,4,3,2,3,3,4,3,2,4,4,2,4,4,2,4,2,3,4,4,2,2,2,2,2,3,1,1,32,2
3,4,4,2,3,4,2,3,1,1,4,3,1,3,3,2,2,2,3,1,4,5,5,5,3,2,2,3,1,2,4,4,3,1,1,2,4,4,2,1,34,1
5,5,5,5,5,5,1,1,1,1,5,5,5,5,5,1,1,1,1,1,5,5,5,5,1,1,1,1,1,1,5,5,4,4,4,3,5,4,4,4,34,1
3,4,4,4,4,3,5,5,3,4,4,4,2,3,3,4,2,3,4,3,5,5,5,3,4,2,3,3,3,3,5,5,4,4,3,3,4,4,3,2,18,2
3,3,2,3,3,4,3,3,2,1,3,3,4,3,2,3,3,2,3,3,5,5,5,5,3,2,2,2,2,2,3,3,3,4,3,3,4,4,4,3,29,2
3,4,3,3,3,4,3,3,1,2,2,3,3,3,4,2,2,4,2,3,5,5,4,4,2,2,3,3,1,2,5,5,3,3,3,3,3,4,3,3,25,2
5,5,5,5,4,4,3,3,1,1,4,4,2,5,4,2,2,2,3,3,5,4,5,5,3,4,2,3,2,4,4,4,4,4,4,2,4,4,3,2,29,1
2,4,3,4,3,3,3,3,2,1,3,2,4,2,4,3,2,3,4,2,4,4,4,3,4,4,2,4,5,5,5,5,4,2,2,4,4,3,2,3,26,1
4,5,4,5,4,5,2,2,1,1,4,3,3,4,5,3,1,1,3,1,5,5,5,4,3,1,1,2,1,1,5,4,3,3,4,4,5,5,3,3,35,2
5,3,4,4,3,3,2,1,1,1,4,5,5,5,3,1,3,2,2,1,5,5,5,4,2,1,1,1,1,1,4,4,4,3,4,3,5,5,2,2,31,1
4,2,3,3,4,3,1,3,1,1,3,1,3,4,3,1,2,2,1,4,5,5,5,5,3,2,2,4,1,1,5,5,3,1,1,1,5,4,1,2,26,1
5,3,4,4,4,4,2,3,2,1,4,2,4,4,3,4,3,3,5,1,3,2,5,4,2,3,3,4,3,2,3,2,2,1,3,3,5,3,1,2,60,2
5,4,4,4,5,4,4,3,2,2,2,4,3,4,3,2,2,3,4,2,5,5,5,4,2,4,2,1,1,3,5,5,5,4,2,4,5,4,4,2,18,2
5,4,4,5,3,4,4,3,5,1,3,2,1,4,4,4,3,2,5,4,3,5,4,3,2,2,2,3,1,3,3,2,3,5,4,3,3,1,3,5,40,2
4,4,3,4,4,4,3,2,1,2,2,2,1,3,4,5,2,4,4,2,3,3,4,4,4,3,4,4,2,2,5,5,4,3,3,4,4,4,3,3,28,2
4,3,3,4,3,3,3,3,2,2,4,4,4,4,4,2,2,2,2,2,3,3,4,4,2,2,2,2,2,2,3,3,3,2,3,3,4,3,2,2,31,1
3,3,4,5,3,3,3,3,2,1,3,3,5,4,4,2,1,4,3,2,4,5,5,4,2,2,1,2,1,1,3,2,4,2,4,2,4,4,2,2,21,2
4,5,3,4,2,3,3,3,2,2,4,2,4,4,4,4,2,3,4,3,4,2,4,3,3,2,2,2,4,3,3,2,2,2,2,2,3,3,2,1,54,2
2,3,4,4,4,4,3,3,3,4,2,2,2,2,4,4,3,4,4,2,5,5,5,5,2,1,1,1,1,1,4,4,5,5,5,4,5,5,4,4,27,1
4,4,4,4,2,4,3,3,3,2,4,3,3,4,3,3,3,4,4,2,2,4,4,3,4,2,3,4,1,2,4,4,3,2,3,2,4,4,2,2,36,1
4,5,4,3,4,3,3,2,2,3,3,2,3,3,3,4,3,3,4,3,5,5,3,3,2,3,3,4,2,3,2,2,2,2,2,2,3,3,2,1,52,2
5,4,5,4,3,5,2,2,1,1,4,4,5,5,4,2,2,3,2,1,4,5,5,5,2,2,2,2,4,3,5,5,5,4,4,4,4,4,4,3,32,2
5,4,4,4,3,4,2,2,1,1,4,4,5,5,4,2,2,4,2,1,4,4,4,5,2,2,2,2,4,2,5,4,5,4,4,4,4,4,4,3,32,2
3,2,3,2,4,4,4,4,3,3,2,2,4,3,3,4,4,2,4,4,2,5,5,5,2,4,4,4,2,2,4,3,2,2,3,2,3,2,2,2,46,2
4,4,3,3,3,4,2,2,1,1,5,4,3,4,3,2,2,2,2,2,4,4,4,4,2,2,2,3,2,3,4,3,2,2,3,2,4,4,2,2,54,2
5,5,4,4,2,4,3,3,1,2,4,4,3,5,2,1,2,3,2,2,4,5,5,2,3,1,1,2,2,2,4,4,5,4,4,3,5,4,3,3,33,1
4,4,3,5,2,4,2,1,2,4,2,2,2,4,5,3,1,4,4,4,2,4,4,4,4,4,4,4,4,2,4,4,5,4,4,4,4,4,4,4,28,2
4,4,4,4,3,4,2,2,1,2,4,4,3,4,3,1,2,1,1,1,4,5,5,3,1,1,1,2,1,2,4,2,3,2,4,2,3,3,2,3,39,2
4,3,3,3,0,3,3,3,4,2,3,3,2,3,3,3,3,2,2,3,3,4,4,4,3,3,2,2,3,3,3,3,3,3,3,3,4,3,3,2,32,1
4,2,2,3,3,3,4,5,3,2,1,1,2,4,3,5,3,5,5,2,3,3,5,4,3,4,3,5,1,1,4,4,4,2,4,2,5,5,1,2,55,1
4,4,4,5,3,3,3,5,5,2,5,5,5,4,5,1,2,3,2,1,5,5,5,5,3,2,3,4,1,2,4,5,3,3,5,3,2,3,3,2,23,2
3,2,4,4,3,5,3,3,2,2,4,3,2,3,5,2,1,2,3,2,4,5,4,3,4,2,3,4,2,3,3,2,4,4,4,4,3,3,3,2,23,2
5,5,5,5,5,5,4,4,1,1,5,5,5,5,5,1,1,1,4,1,5,5,5,5,2,2,2,4,2,4,4,4,4,2,5,4,5,5,2,4,32,1
2,2,4,2,2,3,5,5,5,1,3,4,4,2,3,2,3,3,2,3,5,5,5,5,1,1,1,3,3,3,3,3,4,3,3,2,2,2,3,2,34,2
4,5,4,4,0,4,2,2,2,2,2,4,2,4,4,2,2,4,2,4,4,4,4,4,2,1,1,2,1,2,5,5,5,4,4,4,4,4,2,2,22,1
5,4,4,5,5,0,2,1,1,1,4,4,4,4,5,2,1,1,3,2,4,4,5,5,2,1,1,1,1,2,3,3,3,4,4,4,4,4,2,2,49,1
4,5,5,4,4,0,2,2,1,1,3,3,3,4,4,3,1,2,3,1,5,5,5,5,1,1,1,4,3,2,5,5,4,3,4,4,4,4,3,4,41,1
4,5,4,4,4,5,1,2,1,2,4,4,4,4,4,2,2,2,2,2,5,5,5,4,2,2,2,4,2,2,5,5,2,3,4,4,4,4,4,2,27,1
2,4,4,2,3,4,4,2,1,2,4,2,2,2,4,4,3,3,4,2,5,5,5,5,2,4,2,2,1,2,4,4,4,3,2,2,2,2,2,2,30,2
5,4,4,5,3,4,2,2,1,1,5,5,4,5,4,1,1,2,2,2,3,5,5,4,2,2,2,4,1,1,1,1,4,4,5,4,5,4,2,0,22,1
3,3,3,3,4,3,3,3,2,3,5,4,4,4,3,3,3,3,3,2,4,4,3,4,2,2,2,2,2,2,4,4,4,3,4,3,3,4,2,3,54,2
3,4,4,4,3,4,2,2,2,1,4,2,2,3,4,4,2,2,4,2,4,4,5,5,2,2,2,3,1,2,4,4,4,4,4,3,4,5,4,3,38,1
5,4,4,4,5,5,2,2,1,1,5,4,4,4,4,2,1,1,4,1,5,5,5,5,2,2,2,1,1,2,4,4,4,3,4,4,4,4,4,4,40,2
4,3,3,3,3,4,2,2,2,1,4,4,2,3,2,4,3,2,2,1,4,5,5,4,2,3,3,3,2,2,4,5,4,3,4,3,4,5,3,2,43,1
5,4,3,3,4,3,3,3,1,1,5,3,4,4,0,3,2,1,3,2,4,4,4,4,3,1,1,2,2,2,4,3,2,2,2,2,2,2,2,2,58,1
3,2,2,3,2,2,4,4,3,3,2,1,2,3,3,4,4,4,4,3,3,3,3,4,4,3,3,4,3,4,3,2,3,2,2,2,3,3,2,2,23,2
5,5,4,4,4,4,2,1,1,1,1,3,5,5,5,2,1,1,3,1,4,5,5,5,2,1,1,3,1,3,4,3,4,2,2,2,3,3,1,1,42,1
4,4,3,3,3,3,3,3,1,2,5,5,3,4,3,2,4,2,2,3,4,4,5,5,3,1,2,2,1,1,4,4,3,3,3,2,3,3,3,2,30,0
5,2,2,4,0,2,4,3,1,1,4,3,2,5,2,2,2,3,4,2,4,3,2,4,2,1,1,4,1,0,4,4,2,2,2,2,5,2,2,2,26,1
2,4,2,4,1,3,4,2,1,1,4,3,2,2,4,2,1,2,4,2,2,4,4,4,4,4,4,4,2,4,5,5,4,2,4,2,3,3,2,2,45,2
4,4,4,4,3,3,2,3,2,2,4,4,4,4,4,2,3,2,3,2,3,4,4,3,3,2,2,3,2,3,3,2,4,3,4,3,4,3,2,4,45,2
4,4,4,3,4,4,2,2,1,1,4,3,3,4,4,1,1,2,3,3,3,4,5,5,3,1,1,2,2,1,4,4,2,2,1,2,3,5,1,3,31,1
5,4,4,5,3,4,2,3,1,1,5,4,5,4,5,2,1,1,3,1,2,5,5,5,2,2,2,3,1,1,5,3,4,2,2,3,4,4,4,2,30,1
2,5,4,3,4,5,2,3,1,1,3,2,1,2,2,4,4,3,4,1,5,5,5,5,1,1,1,3,1,1,5,4,5,5,5,4,5,5,3,4,31,1
4,3,4,4,4,4,3,2,3,2,4,3,2,4,4,3,2,1,4,2,4,5,5,5,2,1,1,2,1,1,2,2,1,1,2,1,4,4,2,2,50,2
2,4,4,4,4,4,2,4,1,1,4,4,2,2,4,4,2,4,4,4,4,4,4,4,2,2,2,2,4,2,2,2,4,2,2,2,4,4,2,4,58,2
5,4,4,5,3,4,2,2,5,2,5,5,5,4,5,1,1,1,1,2,5,4,5,5,2,1,1,2,1,2,5,5,2,2,3,4,3,3,1,2,27,1
3,4,4,3,3,3,4,3,3,1,2,3,1,2,1,3,4,4,3,4,3,4,4,4,3,1,1,3,3,2,3,2,4,4,4,4,4,3,4,2,18,1
5,5,5,4,4,4,2,2,2,5,5,3,3,4,4,2,2,2,2,2,4,4,4,4,2,2,2,2,2,2,2,2,2,2,3,4,4,4,3,2,34,1
4,1,1,1,1,3,5,3,3,3,4,1,1,4,1,3,3,3,3,3,3,5,5,3,3,3,3,3,3,3,4,1,1,1,1,1,1,1,1,1,14,2
5,5,4,5,4,4,2,3,1,1,5,4,5,5,5,2,1,1,3,2,4,5,5,5,2,2,2,2,1,2,2,2,2,2,2,2,4,4,1,3,40,2
4,3,2,4,2,3,3,2,1,2,3,2,1,4,3,4,2,2,4,2,2,4,5,4,4,3,2,3,2,2,3,3,2,2,3,2,4,3,2,2,36,1
4,5,4,4,3,4,2,2,1,1,5,3,4,4,5,3,1,1,3,5,4,4,4,4,3,1,1,1,2,3,4,4,3,3,3,3,4,4,2,1,52,1
3,4,3,2,0,4,2,2,4,2,3,2,3,3,2,3,3,2,4,2,3,4,4,3,2,3,2,4,1,2,3,2,4,4,4,4,4,4,4,3,21,1
4,3,2,4,3,4,4,2,1,2,4,2,1,3,2,4,2,3,4,3,2,5,5,3,4,2,2,2,2,2,3,4,2,2,3,2,3,3,2,2,36,1
4,2,1,3,2,1,2,2,3,3,4,2,3,3,2,3,4,3,4,4,3,4,4,4,2,2,2,3,5,4,2,1,3,1,3,2,2,2,1,1,55,2
4,4,3,4,4,3,3,3,1,1,4,4,3,4,4,4,2,2,4,2,4,5,5,5,2,1,1,4,2,2,4,4,4,4,4,2,4,2,2,2,26,1
4,2,3,4,3,3,4,3,1,1,4,2,3,4,4,4,2,3,4,1,5,5,5,5,2,2,3,3,2,2,4,4,4,3,4,4,4,4,3,3,25,1
4,4,5,4,4,4,1,2,1,1,4,4,4,4,4,1,1,1,1,1,5,5,5,5,2,1,1,1,1,1,4,4,3,1,2,4,3,3,2,2,27,2
3,4,3,3,3,3,4,4,4,3,5,4,4,3,4,2,2,2,3,4,5,5,4,4,3,3,3,3,2,2,3,4,4,3,4,3,2,4,4,4,31,2
5,4,4,5,4,4,2,3,1,1,4,3,4,4,5,3,1,3,4,3,5,4,4,3,3,3,3,4,1,2,2,2,3,2,3,3,4,4,3,3,36,1
2,2,1,3,2,3,4,3,1,2,3,2,1,3,2,5,2,3,5,4,2,4,5,4,4,3,3,4,2,4,3,3,5,1,2,2,3,2,2,2,36,1
4,4,3,3,4,4,2,3,2,1,3,4,4,4,3,2,2,3,2,2,4,4,5,5,3,2,2,2,1,2,4,4,4,2,4,3,4,4,4,2,30,1
5,4,4,4,3,4,2,2,1,1,5,4,4,5,4,1,1,1,1,1,4,4,5,4,2,3,1,1,1,1,4,3,2,3,2,3,3,2,2,2,65,1
5,4,5,5,4,4,1,1,1,1,5,3,3,5,5,3,1,1,3,1,5,5,5,1,1,1,1,1,1,1,5,5,5,3,4,2,5,5,2,4,24,2
4,3,3,4,4,4,3,0,2,2,4,4,4,4,3,2,2,2,2,2,4,4,4,4,2,2,2,3,5,2,4,4,3,3,3,3,3,4,3,4,47,2
5,5,5,5,3,4,2,2,2,1,4,5,5,5,4,1,1,4,1,1,3,4,5,5,2,4,4,3,1,1,2,2,4,4,4,4,3,4,4,2,24,2
5,4,3,5,3,4,2,2,1,1,3,2,2,5,4,5,2,4,4,1,2,4,5,3,4,4,3,5,1,3,4,2,4,3,5,3,5,5,0,3,27,1
5,4,4,4,4,4,2,4,1,1,4,3,4,4,3,4,3,2,4,2,5,5,5,5,2,2,2,2,2,2,3,3,2,2,3,2,3,3,1,1,59,2
4,3,3,4,3,2,3,3,2,2,4,4,4,4,4,2,2,2,4,2,4,5,5,5,3,4,2,2,1,1,4,4,4,2,4,2,4,3,1,1,34,2
2,4,4,3,4,2,3,4,2,2,2,4,4,2,4,4,2,4,4,2,4,4,4,4,2,2,2,2,2,2,4,4,4,2,4,2,4,4,2,2,42,1
4,3,3,3,2,3,3,3,4,2,5,4,2,4,3,2,2,1,2,2,3,3,3,2,4,4,4,4,2,4,3,2,4,3,3,4,4,4,4,3,43,2
5,3,3,4,4,4,1,1,1,1,5,4,5,5,5,1,1,2,2,1,5,5,5,5,1,1,1,1,1,1,5,4,4,3,4,3,5,4,3,3,59,2
1,2,2,2,2,4,5,4,4,1,4,1,2,2,3,4,2,1,3,2,5,5,5,5,5,2,2,4,1,1,1,1,1,1,1,1,1,5,1,1,19,2
3,4,5,4,4,4,2,3,1,1,4,5,3,3,4,3,1,3,3,1,4,5,5,5,2,1,1,2,1,2,3,2,3,3,4,2,1,4,5,2,24,1
4,2,4,4,3,3,2,2,2,1,5,4,4,4,4,1,2,2,3,3,5,5,5,5,2,1,1,2,2,2,4,2,2,2,2,3,2,4,1,4,29,1
5,4,5,4,5,4,2,3,1,1,2,4,4,5,3,2,2,4,2,2,4,4,5,5,2,2,2,3,4,3,2,2,3,3,3,4,5,5,3,4,54,1
5,5,5,5,5,5,1,1,1,1,5,4,4,5,5,1,1,1,1,1,5,5,4,5,1,1,1,3,1,1,5,4,3,5,5,3,3,5,1,3,59,2
5,4,3,5,3,4,1,3,1,1,5,4,5,5,5,1,1,1,1,1,4,5,5,5,2,2,1,2,1,2,5,4,2,1,1,1,1,4,1,1,56,2
1,1,1,1,1,1,5,5,2,3,3,1,1,2,1,5,5,4,5,5,3,5,3,3,3,4,4,3,1,5,3,4,4,2,2,2,1,1,2,1,42,1
5,4,4,5,4,3,3,3,1,1,3,5,5,5,5,2,2,3,3,1,2,3,4,3,3,2,3,4,4,4,4,4,5,5,5,5,5,5,5,5,38,1
4,5,5,4,5,5,1,2,2,2,5,5,4,4,2,2,2,4,4,2,4,5,5,4,2,4,1,4,1,4,4,4,2,2,2,2,4,4,1,2,25,1
4,4,3,4,3,4,2,2,2,2,5,4,4,4,4,2,2,1,1,1,4,5,5,5,2,2,2,2,2,2,2,2,3,2,2,2,3,4,2,2,44,2
3,3,2,3,3,3,4,3,1,2,4,3,2,3,3,3,3,2,3,4,5,4,4,4,4,3,2,4,2,3,3,3,3,2,4,3,3,4,2,2,22,2
2,5,5,3,2,5,3,3,1,4,3,4,4,4,2,2,2,3,2,4,2,5,5,5,2,2,2,3,4,3,4,4,3,2,2,1,5,4,3,2,25,2
5,5,5,5,5,5,1,5,1,1,5,5,5,5,5,1,1,1,5,1,5,5,5,5,1,0,1,5,1,5,5,1,5,1,5,1,5,5,1,1,55,1
3,2,3,3,3,3,2,2,2,2,2,3,3,3,3,4,3,2,4,2,4,4,4,3,3,2,2,3,2,2,3,3,2,2,3,2,3,3,2,2,30,1
2,5,4,4,2,4,1,3,1,1,1,1,1,1,4,5,2,5,5,2,4,5,5,2,2,4,2,2,1,3,4,4,4,4,5,2,4,5,2,4,31,1
5,5,4,4,4,4,2,2,1,1,5,5,4,5,4,1,1,1,1,2,5,5,5,5,1,1,1,1,1,1,5,5,4,2,4,4,4,4,3,3,41,1
4,4,4,4,4,4,3,3,2,1,4,3,3,4,3,3,2,3,3,3,3,4,4,4,4,3,3,3,3,3,3,3,3,3,3,2,3,3,3,2,28,1
3,4,2,3,3,4,4,3,1,1,4,2,4,3,2,4,3,1,2,1,4,4,4,5,1,1,1,4,1,2,4,4,4,2,5,2,5,5,4,4,28,1
3,4,4,3,4,5,2,4,1,1,3,1,2,2,1,5,5,3,5,2,1,1,3,4,3,2,2,5,4,3,3,4,4,4,4,3,4,4,5,5,33,2
4,3,4,4,4,4,3,4,1,1,2,1,2,4,3,5,3,2,5,3,2,3,5,4,4,3,3,4,4,4,3,4,4,5,4,3,4,4,5,5,33,2
4,3,3,4,3,4,3,3,1,2,4,4,4,4,4,2,2,2,2,2,4,4,4,4,2,2,2,2,2,2,4,4,3,2,2,2,4,4,2,2,32,2
4,4,4,4,3,4,3,3,1,1,4,2,3,4,4,3,1,3,3,1,4,5,5,5,2,2,1,3,1,1,3,3,3,3,4,3,3,4,2,2,36,1
4,5,5,5,4,4,2,3,1,1,5,5,4,4,5,1,1,1,1,1,3,5,5,5,3,2,2,4,3,2,5,5,4,3,2,4,4,4,3,3,30,1
2,4,3,3,3,4,3,3,2,1,4,3,2,3,3,4,2,3,3,1,3,5,5,5,4,3,2,4,2,3,3,4,3,2,2,3,2,4,3,2,31,2
4,2,2,3,2,3,4,4,4,2,4,3,2,4,3,4,2,3,4,3,4,4,4,4,4,2,1,4,1,2,2,2,3,2,3,3,4,3,2,2,26,1
5,5,3,5,4,3,1,3,1,2,4,4,4,4,4,2,2,2,2,2,5,4,4,4,3,3,1,2,1,1,4,4,2,3,4,3,3,4,4,4,34,2
4,4,4,5,4,4,3,3,2,1,5,5,5,4,4,2,2,2,2,1,4,4,4,4,2,2,2,2,2,2,5,5,3,3,4,4,4,4,4,4,30,2
2,5,4,3,5,5,2,3,2,2,3,3,3,2,3,3,2,2,2,1,5,5,4,5,3,3,2,3,2,2,4,3,4,4,4,4,5,4,3,3,42,1
4,3,3,3,3,3,2,2,3,1,4,4,3,4,2,2,2,1,4,2,4,4,4,4,2,2,2,2,2,2,2,2,2,2,2,2,4,3,1,2,35,1
5,4,4,5,4,4,2,2,1,1,5,5,5,5,5,1,1,1,1,2,4,5,5,4,2,2,2,2,1,2,4,5,4,4,5,3,5,4,4,5,30,1
4,4,5,4,3,4,1,4,1,1,3,4,5,4,5,2,2,2,3,1,1,2,5,5,2,2,2,4,2,1,5,4,3,2,4,2,5,4,2,3,32,1
4,4,4,4,4,4,2,2,1,1,5,5,5,5,5,1,1,1,3,1,4,5,5,4,1,1,1,3,1,1,4,4,3,3,4,2,4,5,1,3,57,1
5,5,5,3,4,3,3,3,1,1,1,1,3,5,2,5,4,5,5,1,2,5,5,5,5,1,1,4,5,3,4,4,2,3,4,5,5,5,5,5,40,2
5,5,4,0,4,5,2,2,1,2,5,4,4,5,4,2,1,1,2,1,5,5,5,5,2,1,1,2,1,1,5,5,4,4,4,3,4,4,4,4,26,1
3,5,4,3,5,5,4,4,1,1,3,3,4,3,3,4,3,4,4,3,5,5,5,5,1,1,4,3,3,1,4,4,3,3,4,3,3,5,3,1,24,1
4,5,4,4,3,4,1,2,1,1,4,3,4,5,4,4,1,1,1,2,3,4,4,4,2,2,2,3,2,2,4,3,3,2,4,2,4,4,2,3,31,1
5,4,2,5,3,4,2,1,1,1,5,5,5,5,3,2,1,1,4,2,5,5,5,5,1,1,1,1,1,2,2,1,1,3,4,1,5,5,1,4,48,1
2,4,4,4,3,3,2,3,2,1,4,3,4,3,4,2,2,1,2,1,5,4,5,5,1,1,1,2,1,1,4,2,2,1,2,2,4,3,2,2,31,1
4,3,3,3,3,3,3,3,2,5,3,3,4,4,3,3,2,3,4,2,3,5,5,5,2,2,2,2,2,2,3,3,2,2,3,2,4,4,1,1,46,1
5,5,5,5,3,3,3,3,1,1,5,1,5,5,0,1,1,1,3,1,5,5,3,3,1,1,1,1,1,1,1,1,1,2,3,3,4,2,1,1,38,1
4,3,4,5,5,4,2,1,1,1,5,5,4,4,5,4,2,1,2,2,5,5,5,4,3,2,1,3,1,4,2,2,3,2,4,4,4,4,1,2,33,2
4,4,4,4,3,3,3,2,2,2,4,4,3,4,5,2,0,2,1,1,4,5,5,5,2,2,2,2,1,2,4,4,3,2,2,3,4,4,1,2,21,1
4,5,5,4,4,4,2,2,1,4,2,3,2,4,4,2,2,3,2,2,3,2,4,5,4,4,2,4,4,4,2,2,4,4,4,4,4,4,2,4,31,1
5,5,4,5,4,4,2,2,1,1,4,5,5,5,4,1,2,2,2,1,5,5,5,5,2,2,2,3,2,2,4,4,3,4,2,3,4,3,4,2,62,1
4,3,2,5,2,3,4,3,2,1,3,2,1,4,4,4,2,4,4,4,2,2,5,4,4,3,3,2,1,2,2,2,4,2,1,1,4,4,2,1,26,1
5,5,5,5,4,4,2,2,2,1,5,4,5,5,5,2,2,2,2,2,5,4,4,4,2,2,2,2,2,2,4,4,4,4,4,4,4,4,2,2,59,2
4,4,0,3,3,4,2,2,1,1,4,3,3,4,3,1,1,1,3,2,5,5,5,5,2,1,1,3,3,1,4,4,3,3,4,4,4,4,2,3,38,1
5,5,4,5,3,4,2,4,4,4,5,4,4,5,4,2,2,1,2,1,5,5,5,3,3,4,4,4,1,4,2,2,4,2,4,3,4,5,2,1,25,2
5,4,4,4,5,4,2,2,1,1,4,4,4,4,3,2,2,2,2,1,5,5,5,5,2,1,1,2,2,4,4,4,4,3,4,3,4,4,2,3,64,1
5,4,4,5,3,2,2,5,2,1,5,5,5,5,4,1,1,1,1,1,5,5,5,5,3,1,1,5,1,2,5,4,3,5,4,4,4,4,4,2,16,2
4,4,3,4,4,4,2,2,1,1,5,4,4,4,4,2,2,1,3,2,3,5,5,5,3,2,2,2,1,2,5,5,4,3,4,4,4,5,3,2,23,1
4,4,4,3,4,4,2,2,3,1,3,3,4,4,3,3,2,4,3,1,4,5,5,5,2,2,1,2,2,1,1,1,4,3,2,2,4,4,1,2,42,2
4,4,4,4,5,5,2,3,2,1,4,3,4,4,3,3,2,3,3,2,5,4,5,4,3,3,3,2,2,3,4,4,4,4,2,3,2,4,2,2,43,2
3,4,3,4,3,3,2,3,4,1,3,3,2,4,4,4,3,2,3,2,3,5,4,3,3,2,3,3,1,3,4,4,3,2,4,3,4,3,2,3,30,1
5,4,5,4,4,5,2,4,1,1,3,5,5,5,4,4,4,4,4,1,5,5,4,4,1,2,2,4,3,4,5,4,5,4,1,4,5,4,2,1,24,2
2,2,3,3,3,4,4,4,4,4,2,2,1,2,3,3,2,4,4,4,2,2,4,3,4,4,3,4,1,3,4,4,4,3,4,4,2,3,3,1,20,1
4,2,2,2,2,2,4,4,3,2,2,2,3,4,2,4,3,4,4,2,4,5,4,5,4,3,2,3,2,1,3,4,4,2,2,2,3,3,1,1,19,2
1,2,2,3,2,2,5,4,4,3,2,1,3,2,4,5,2,5,4,3,2,5,5,4,3,2,2,5,1,4,4,4,4,1,4,1,4,4,3,3,25,1
1,2,4,4,4,4,1,1,1,1,2,1,1,1,2,5,1,3,5,2,5,5,5,5,2,1,1,2,1,2,3,4,2,2,5,3,5,5,5,4,30,2
3,3,2,4,2,3,4,4,4,3,3,4,2,3,4,3,2,2,4,2,2,4,4,3,4,2,2,4,2,4,4,3,2,2,3,3,3,3,4,2,21,1
2,4,4,3,4,3,3,4,1,2,3,3,2,2,2,3,3,3,3,3,4,4,4,4,3,2,2,3,2,3,4,4,5,4,4,3,3,3,3,3,31,1
4,4,4,4,5,5,2,3,2,2,5,5,5,5,4,2,2,1,2,2,4,5,4,3,3,4,2,4,3,2,4,4,4,4,4,3,2,4,3,2,40,1
2,2,3,4,2,3,4,2,2,2,5,3,4,2,3,4,2,1,5,2,3,4,4,3,4,3,3,4,1,3,4,2,2,3,5,3,2,4,3,2,17,1
4,5,4,3,4,2,2,2,1,1,4,5,4,4,4,1,2,2,2,2,5,5,5,5,2,1,1,3,1,3,3,3,3,4,2,3,2,4,3,2,21,1
2,4,3,4,3,4,5,2,1,1,4,5,3,2,2,3,2,2,5,3,3,4,5,5,5,2,1,5,1,1,5,5,3,4,4,2,2,4,3,3,31,1
4,4,4,5,4,4,4,2,1,1,3,2,3,3,4,4,2,2,5,2,3,3,4,3,3,2,1,3,4,1,4,2,2,3,3,2,4,4,3,4,46,1
2,4,3,3,2,3,3,3,2,2,2,4,3,2,4,3,2,4,2,4,4,4,4,4,5,0,3,3,3,3,4,5,2,4,4,4,4,4,2,1,27,2
5,4,3,3,3,3,3,3,1,2,5,3,3,5,4,3,2,1,4,3,5,4,4,4,3,2,2,3,5,3,4,3,3,1,2,2,4,3,2,1,41,1
1,2,3,1,2,3,4,3,2,4,2,3,1,1,1,3,4,4,4,5,3,4,4,4,4,3,3,4,4,4,3,4,4,2,4,2,4,4,2,3,24,2
4,5,4,4,3,4,2,3,4,4,4,4,1,4,5,2,1,2,2,2,2,5,4,2,4,3,3,3,2,4,2,3,3,2,4,4,4,4,2,2,32,1
4,2,4,3,3,4,4,4,2,1,4,2,3,4,3,4,2,2,4,2,3,5,4,5,4,2,2,4,1,3,4,3,3,3,4,2,3,3,2,2,26,2
2,2,3,3,3,3,3,2,1,1,2,3,2,2,2,4,4,4,4,3,3,3,4,4,2,2,2,2,2,2,4,4,3,3,2,2,3,3,2,2,49,2
4,2,1,4,1,1,5,4,4,1,3,1,4,4,4,4,2,4,4,5,4,2,4,4,2,2,2,1,2,2,2,2,2,4,2,2,2,1,2,1,32,2
5,3,3,4,5,4,3,3,1,0,2,0,1,5,4,3,3,4,3,1,2,5,5,5,4,3,3,3,4,2,4,3,4,3,2,2,2,4,0,2,31,2
5,4,4,3,3,4,4,2,1,1,5,3,3,3,2,3,0,2,4,1,5,5,5,5,4,3,3,2,3,2,4,3,4,2,2,4,2,4,4,1,26,2
2,2,2,4,3,4,4,3,2,1,3,2,2,2,3,4,2,4,4,4,2,4,4,4,2,2,2,2,2,2,4,4,2,2,2,2,2,3,2,2,42,1
4,3,2,3,3,3,2,2,2,2,5,2,3,4,2,4,3,2,4,3,4,4,5,3,2,2,1,2,1,2,2,1,1,1,2,1,3,2,1,1,45,1
4,2,1,3,2,2,4,4,4,4,2,2,2,4,2,4,4,4,4,2,3,4,4,3,4,4,4,4,2,4,2,2,4,2,4,3,4,4,2,2,45,2
5,4,2,4,4,4,4,4,1,1,4,4,4,4,4,4,1,1,4,1,5,4,3,4,2,2,4,4,2,2,4,4,4,3,4,2,4,4,3,2,34,1
4,5,4,4,4,4,2,2,2,1,4,4,3,4,4,3,1,2,2,2,3,3,4,3,4,3,3,4,3,2,4,4,4,3,3,3,4,4,3,2,35,1
5,4,4,5,3,4,2,3,1,1,4,2,3,4,5,3,5,1,4,1,3,4,4,3,4,3,3,4,2,2,3,1,1,3,2,1,3,4,3,5,52,2
5,1,4,5,5,5,1,2,5,1,2,2,5,5,4,5,2,1,2,1,1,1,5,5,5,5,5,5,1,1,5,5,4,1,1,4,5,5,1,4,24,2
4,4,3,4,4,4,1,2,1,1,4,4,4,4,4,2,2,2,2,2,4,5,5,4,2,2,2,2,2,2,3,5,3,2,2,1,4,2,2,3,41,1
4,4,4,4,4,4,2,3,2,2,5,4,4,4,4,1,2,2,2,1,4,5,4,3,3,3,2,4,3,4,4,4,3,3,4,2,2,4,3,2,40,1
5,5,5,5,5,5,1,1,1,1,1,1,1,5,3,3,2,2,2,1,3,3,3,5,1,1,1,1,1,1,1,1,5,3,3,5,5,5,4,5,56,1
5,4,4,4,4,4,3,2,2,1,2,4,4,4,4,4,2,4,2,1,5,3,5,5,1,1,1,1,1,1,4,4,4,4,3,3,4,4,1,2,29,1
2,5,5,4,4,4,2,2,4,1,5,2,3,2,4,2,2,1,4,1,5,5,5,5,2,2,1,4,1,2,4,3,3,2,2,4,4,4,3,2,48,1
3,3,3,4,4,4,2,3,2,3,4,4,2,3,4,3,2,2,2,3,3,4,4,4,3,2,2,2,3,2,3,3,3,3,3,2,4,4,2,2,33,1
5,5,4,3,4,4,2,3,2,2,4,3,2,4,3,2,2,2,2,1,4,4,4,4,4,4,4,4,2,3,3,4,3,3,4,3,2,3,2,2,33,1
4,4,5,3,3,5,2,2,1,1,3,3,2,3,3,3,3,3,4,2,4,4,5,4,2,2,3,3,3,1,5,5,5,3,4,4,3,5,3,3,38,1
5,5,2,5,2,2,4,4,2,2,5,5,5,5,5,2,2,2,2,2,5,5,5,5,3,2,2,2,4,2,2,2,4,2,2,4,4,4,2,2,39,2
4,4,3,4,3,3,3,2,1,1,4,3,1,4,3,3,2,2,4,2,2,4,4,3,4,3,3,4,2,3,2,2,2,2,2,2,2,2,2,2,43,2
3,3,2,4,4,3,3,4,1,2,2,2,2,2,3,4,2,4,3,2,3,2,5,4,3,2,2,3,2,3,2,2,2,2,4,3,2,4,2,3,23,1
5,5,4,5,4,4,2,2,1,1,5,5,5,5,5,1,5,1,1,1,5,5,5,3,3,3,3,3,1,3,5,5,1,1,1,1,1,3,3,1,44,2
5,4,4,4,3,4,3,2,1,1,5,5,4,4,4,1,1,2,3,2,2,2,4,4,3,2,2,2,2,2,4,4,5,4,4,4,4,4,3,3,67,1
4,5,5,4,4,5,1,4,1,2,5,5,4,2,4,2,2,1,4,2,2,4,2,2,4,2,2,5,1,2,2,4,4,5,4,2,5,2,4,5,32,2
0,0,0,0,0,0,0,0,0,0,0,0,0,0,0,0,0,0,0,0,0,0,0,0,0,0,0,0,0,0,0,0,0,0,0,0,0,0,0,0,42,2
2,1,4,3,3,2,4,4,4,1,2,2,4,2,4,4,2,4,4,3,2,4,3,2,4,4,3,4,2,2,2,4,3,1,2,2,1,3,2,2,22,1
4,4,2,4,2,2,4,4,1,1,4,3,4,3,3,3,2,2,3,4,4,4,4,4,2,2,2,3,2,2,3,2,2,2,2,2,2,2,2,2,48,1
2,3,4,2,4,4,3,3,1,2,2,1,3,3,2,5,3,4,4,2,2,4,5,4,2,2,2,2,2,2,4,4,4,1,3,2,2,4,2,2,49,1
1,1,1,1,1,2,3,4,5,4,3,2,1,2,2,3,3,4,4,5,5,4,3,2,1,2,3,4,5,4,3,2,1,2,3,4,5,4,3,2,34,1
5,5,5,5,5,5,5,5,5,5,5,5,5,5,5,5,5,5,5,5,5,5,5,5,5,5,5,5,5,5,5,5,5,5,5,5,5,5,5,5,25,1
3,2,4,3,4,4,4,3,3,1,3,1,2,2,1,2,3,3,3,3,5,5,4,4,3,2,2,3,1,2,3,3,4,4,5,4,4,4,3,2,44,2
4,4,5,4,4,4,1,2,1,3,4,3,3,3,4,3,2,3,3,3,3,3,3,3,3,3,3,3,3,3,3,4,3,3,5,3,5,5,3,3,40,2
5,4,4,5,4,4,2,1,2,3,2,3,3,5,5,1,1,5,1,2,5,4,5,4,3,3,2,3,2,2,5,5,4,4,5,5,2,4,4,3,20,2
5,4,3,3,4,3,2,4,2,4,4,5,3,4,3,2,3,2,2,3,2,2,4,4,4,4,4,4,1,3,4,4,2,2,4,4,4,4,2,2,25,1
5,3,3,5,3,2,3,3,1,1,5,5,5,5,5,1,1,1,1,1,5,5,5,5,1,1,1,1,1,1,5,5,5,5,5,5,5,5,5,5,32,1
4,5,5,4,4,4,1,2,1,1,4,4,3,4,4,3,2,2,2,1,4,4,5,5,2,2,2,3,2,1,5,4,4,3,3,3,4,5,3,2,44,2
4,3,2,3,3,3,4,3,3,4,4,4,4,4,4,2,2,2,2,2,4,4,5,5,4,3,2,4,2,2,2,2,4,4,4,3,4,4,3,2,49,1
2,4,2,4,3,5,3,2,1,2,4,4,3,2,3,2,2,1,4,2,5,5,4,4,2,1,1,3,1,1,4,3,2,2,4,2,4,4,2,2,25,1
2,3,3,4,4,3,2,3,2,2,2,2,4,2,4,4,2,4,4,3,4,4,4,4,3,2,2,4,2,2,4,4,3,3,4,2,4,4,4,3,34,1
5,5,5,5,4,4,1,2,5,1,5,3,5,5,5,2,1,1,2,1,5,4,5,5,2,1,1,2,3,2,1,1,2,2,3,3,2,4,1,3,58,2
4,3,3,4,2,5,3,4,1,3,3,3,0,5,3,2,2,3,4,2,5,5,5,5,1,2,3,2,1,3,4,3,2,3,5,3,4,4,2,2,31,2
3,3,4,4,2,3,4,5,2,3,5,3,5,3,5,2,2,1,4,3,4,5,4,4,4,2,2,1,1,3,3,4,4,4,2,1,3,3,2,2,26,2
4,4,4,4,3,4,2,2,2,1,4,3,3,4,4,2,2,2,2,1,3,4,4,4,3,3,3,4,3,3,4,4,4,4,4,4,4,4,4,4,41,1
5,4,4,4,4,4,2,1,1,1,4,3,3,5,4,2,2,3,2,2,2,4,4,4,4,3,3,4,2,4,5,5,4,4,5,3,4,4,3,4,41,1
2,3,2,2,3,2,4,4,1,2,5,4,2,2,3,2,2,1,2,2,2,4,4,3,4,4,4,4,4,4,4,3,2,1,2,2,1,2,2,1,25,2
5,5,4,4,3,4,1,2,1,0,5,4,4,0,4,2,1,1,1,1,4,5,5,4,2,1,2,4,1,1,4,4,1,2,2,2,4,4,3,4,45,1
4,4,5,4,4,4,2,1,1,1,3,4,2,4,4,2,2,2,2,2,4,5,5,5,2,2,2,2,2,2,4,4,4,4,4,4,4,4,4,4,39,2
4,4,3,4,4,4,3,3,2,2,5,4,4,4,3,1,2,2,3,2,3,4,5,4,3,2,1,3,1,2,4,4,4,4,3,3,3,3,3,3,44,2
3,2,1,3,2,3,4,4,4,1,3,1,3,3,3,4,2,2,4,3,2,5,5,4,2,2,2,4,4,3,2,2,2,1,1,2,2,3,2,1,56,1
5,4,4,3,3,4,3,2,2,2,3,2,2,4,2,2,3,2,4,2,1,4,4,2,5,4,4,4,4,4,2,2,3,3,3,3,4,3,3,3,26,2
3,2,2,2,4,3,4,3,4,4,4,2,2,3,2,3,4,4,4,4,4,4,5,5,1,1,1,4,1,4,4,4,2,2,2,2,2,4,4,1,30,2
4,2,3,5,2,3,4,4,2,1,5,4,4,4,5,1,1,1,3,1,1,5,4,4,4,3,3,5,2,4,4,4,4,3,4,4,5,5,3,2,26,1
2,3,3,4,3,4,4,2,2,1,4,2,1,2,2,3,2,2,4,4,4,5,5,4,3,3,2,2,1,1,4,2,3,4,4,1,4,5,3,3,30,2
5,5,4,5,5,4,2,3,1,1,5,5,5,5,5,1,1,2,2,1,5,5,5,5,2,1,2,2,1,2,4,4,1,1,2,1,2,3,4,1,40,2
4,4,3,3,4,3,4,4,2,2,4,3,3,4,3,3,3,3,2,2,2,3,4,5,4,2,2,4,2,4,3,3,3,2,2,3,3,4,2,1,54,2
3,2,2,2,3,3,3,3,2,2,4,3,3,3,2,3,4,2,3,2,4,4,4,5,2,2,2,3,2,2,3,3,2,2,3,2,3,3,2,2,33,2
2,4,3,2,5,4,3,2,1,1,3,3,3,2,3,3,2,4,4,4,5,5,4,4,2,1,1,2,1,1,5,5,5,4,4,3,5,5,4,4,18,1
5,4,3,4,3,4,3,3,2,2,5,5,1,5,4,2,2,1,2,2,3,5,5,5,4,4,3,4,2,3,2,3,2,2,4,2,2,3,4,3,38,2
4,2,2,3,2,3,4,4,2,2,3,4,2,4,2,3,2,3,4,2,3,4,3,3,4,4,4,2,2,3,2,2,2,3,1,2,3,4,3,3,43,1
4,3,4,4,4,5,2,3,2,1,5,4,4,4,4,3,2,2,3,1,5,5,5,5,4,4,4,4,2,3,2,3,2,3,4,4,4,5,5,4,19,1
3,4,3,3,3,3,4,4,2,3,4,3,3,4,3,3,3,3,2,2,2,4,4,4,4,3,3,4,2,4,2,2,4,1,1,2,3,4,2,1,54,2
4,4,4,4,4,4,2,2,2,2,4,4,2,4,2,2,2,2,2,2,4,4,3,3,4,2,2,2,2,2,3,3,4,4,4,3,3,3,4,3,44,2
2,3,2,2,4,2,4,4,1,4,2,1,2,2,2,4,4,4,4,4,4,5,4,3,3,2,1,4,2,4,4,4,4,2,4,2,4,2,3,3,27,1
5,5,5,5,5,5,3,3,1,1,4,4,3,3,4,3,1,3,3,1,3,5,5,5,3,1,1,3,3,3,4,4,4,3,3,3,4,4,4,3,30,2
2,2,2,3,3,4,4,3,3,3,3,0,0,2,2,2,4,4,4,4,2,5,3,3,4,4,2,3,3,3,3,3,4,2,2,2,2,2,3,2,30,1
3,3,4,4,4,5,3,2,4,1,5,3,2,4,3,2,3,2,2,2,5,5,5,5,4,1,1,2,4,3,4,4,3,4,4,2,4,4,3,2,25,2
2,2,2,2,2,1,4,4,2,4,4,2,2,2,2,4,2,4,4,4,3,2,2,4,4,3,3,4,3,2,2,2,2,2,2,2,2,2,2,2,38,2
2,4,3,5,4,5,3,3,1,1,2,2,2,2,3,4,3,4,3,4,4,4,3,4,2,2,2,2,1,2,0,5,4,3,5,3,4,4,3,4,17,2
3,3,3,3,2,3,3,2,3,2,4,2,3,3,2,4,4,4,4,4,4,4,4,4,3,2,2,3,2,3,4,3,4,3,3,4,5,4,3,3,31,2
5,4,4,4,5,4,2,2,2,1,4,4,4,5,4,2,2,1,3,2,4,5,5,4,2,2,2,2,1,1,3,2,3,2,2,3,4,4,3,2,47,2
5,5,4,5,4,3,2,2,1,1,5,5,5,5,5,1,1,1,1,1,4,5,5,4,2,1,1,2,2,1,5,3,4,3,3,4,5,4,4,3,40,1
2,1,1,2,2,2,4,4,4,2,3,3,1,2,2,4,4,3,4,4,2,4,4,4,2,2,2,2,2,2,2,2,2,2,2,2,2,2,2,2,59,2
2,5,5,5,5,5,2,2,2,2,2,1,2,2,5,5,2,4,5,2,2,2,3,2,5,5,5,5,4,4,3,3,4,4,5,3,4,4,5,4,22,2
5,4,3,3,3,4,3,4,2,1,4,4,4,4,3,2,2,2,2,2,2,4,5,5,2,5,4,5,1,2,5,5,3,2,2,2,4,4,2,2,25,2
5,4,4,4,4,4,2,3,2,4,2,2,2,5,4,4,2,4,4,1,2,4,4,2,5,2,2,4,1,3,4,4,2,2,4,2,2,4,2,3,38,2
3,2,2,1,3,0,2,3,5,5,2,2,2,3,2,3,4,4,3,3,2,5,5,5,2,3,3,3,1,2,4,3,2,2,2,2,2,2,2,2,25,2
1,1,3,2,2,4,4,3,2,4,4,4,3,1,2,2,4,2,2,2,3,5,5,5,2,2,2,3,2,2,4,4,4,2,2,2,2,4,2,2,25,1
4,3,3,4,3,4,2,2,3,2,2,1,4,4,3,2,2,4,4,2,3,4,4,4,3,3,3,4,2,2,4,4,3,3,3,3,4,3,3,3,50,2
4,4,5,4,4,5,2,2,2,1,4,4,3,4,4,2,2,2,3,2,3,5,5,4,3,2,1,4,1,3,3,3,3,4,4,3,5,4,3,4,31,2
3,4,3,4,4,3,4,4,1,1,4,5,3,3,3,1,3,3,1,4,4,5,5,4,3,3,2,2,1,2,5,5,3,4,4,3,2,3,3,3,28,2
4,4,4,4,4,4,2,2,1,1,4,2,5,4,4,2,2,1,2,2,4,5,5,5,4,1,1,2,1,2,4,4,2,2,4,3,4,4,2,1,50,1
4,5,4,5,5,4,3,2,3,1,1,1,1,4,4,5,2,5,5,4,1,4,4,1,5,5,5,5,3,2,4,2,4,1,5,4,4,3,5,4,56,2
5,4,4,5,5,5,3,3,5,1,5,3,3,5,4,3,4,3,3,5,4,3,4,4,4,4,3,4,4,4,1,3,4,5,4,4,5,5,5,5,33,2
4,4,4,3,4,4,2,3,2,1,2,2,2,4,3,4,2,4,4,2,4,4,5,4,3,2,2,3,2,2,3,3,4,1,4,3,4,4,2,2,30,1
3,5,4,4,4,4,2,3,1,1,4,2,2,3,3,4,1,2,4,1,3,5,5,4,4,3,3,5,1,3,2,2,3,3,2,3,3,3,2,1,33,2
4,4,4,4,3,3,3,3,4,4,4,5,5,5,5,2,1,1,1,2,3,3,4,4,4,4,4,4,1,3,4,4,4,5,4,3,4,2,1,1,41,2
4,3,2,4,2,2,3,2,2,1,3,2,4,4,3,3,3,3,4,2,4,4,5,4,3,3,3,4,2,4,3,3,3,3,3,3,4,3,4,2,35,1
5,4,3,4,4,3,2,3,2,4,4,3,1,4,3,4,3,1,4,1,2,4,5,2,4,4,4,5,1,4,4,4,3,2,3,2,5,3,3,2,19,1
5,4,4,5,4,5,3,3,1,1,3,4,5,5,5,2,1,3,2,1,5,4,4,5,3,3,1,3,2,3,4,4,2,2,4,3,4,4,2,3,72,1
4,4,3,3,4,3,3,2,1,1,5,3,2,4,3,2,1,1,4,2,5,5,5,5,2,2,2,2,2,2,4,4,3,3,4,2,4,5,2,2,56,1
4,1,2,2,2,4,4,3,3,1,4,1,2,0,2,5,2,1,2,2,4,5,5,4,1,1,4,3,1,4,4,4,2,1,4,1,4,5,1,1,27,1
4,4,3,5,4,5,2,1,1,1,5,5,5,5,4,1,1,2,2,2,4,5,5,5,3,2,2,3,1,3,4,5,3,2,4,3,4,4,2,4,36,1
4,4,2,2,4,3,3,2,1,1,5,3,4,4,3,3,2,1,3,2,4,5,4,3,2,2,2,2,1,2,1,1,1,1,1,2,3,3,1,1,34,1
3,4,2,3,3,3,4,4,4,2,5,3,4,3,2,3,4,2,4,1,3,4,5,3,4,2,2,4,2,2,1,2,2,2,4,3,4,3,2,1,28,2
4,2,2,4,2,2,4,0,3,2,2,3,4,4,3,3,2,3,2,2,2,3,3,2,4,4,4,4,3,4,4,4,4,2,2,2,2,2,2,2,58,1
2,3,2,3,3,3,1,2,3,1,1,1,3,2,2,5,4,5,5,3,4,3,5,3,3,3,2,3,2,3,3,3,3,2,5,4,5,5,5,4,21,2
5,5,5,5,5,5,2,5,1,1,5,5,4,5,5,1,1,1,3,2,5,5,5,5,0,2,2,4,1,3,5,5,5,5,5,4,5,4,4,3,39,1
4,3,4,4,4,4,3,3,1,2,3,2,3,4,4,3,3,3,4,2,4,4,5,4,4,3,3,2,2,2,2,3,3,2,4,3,4,3,2,4,36,1
4,2,2,2,2,4,5,5,2,2,5,1,1,4,2,5,4,2,5,3,3,5,4,4,4,3,3,2,2,4,1,1,3,2,1,1,3,2,3,1,32,2
2,3,3,2,3,3,2,3,2,2,2,2,2,2,2,3,3,4,3,4,3,4,4,5,3,3,2,3,2,4,4,4,4,2,2,2,3,3,2,2,28,1
4,4,4,3,4,4,2,3,4,2,3,3,4,4,4,2,3,3,2,2,4,5,5,4,2,2,1,3,1,2,4,4,3,1,4,3,4,4,1,2,33,1
4,4,4,4,4,4,3,3,2,4,4,4,4,4,4,2,4,4,3,3,2,4,4,4,4,2,2,4,2,2,4,4,3,2,4,3,3,4,3,2,34,2
2,2,4,3,3,4,4,4,1,1,4,4,3,2,3,2,2,4,4,2,5,4,5,4,3,2,2,1,1,3,3,4,4,2,2,4,3,4,3,3,29,1
2,4,2,4,3,4,4,3,2,2,3,2,1,2,3,3,3,2,4,5,4,4,4,3,4,2,2,4,3,2,2,2,2,2,3,2,3,3,3,3,22,2
2,2,2,4,2,3,4,4,2,2,4,2,2,2,2,4,2,3,4,4,4,4,4,3,3,2,2,4,3,2,2,2,2,2,2,2,2,3,3,2,22,2
3,5,5,5,4,4,2,3,1,2,4,5,5,3,5,1,1,3,2,1,3,4,4,2,3,4,3,5,3,3,5,5,4,3,4,3,4,5,2,2,42,1
4,4,4,4,2,3,3,2,1,2,4,2,3,4,3,3,2,2,4,2,3,3,4,4,4,2,2,3,2,2,2,2,2,2,3,2,2,3,2,2,59,1
4,4,3,4,3,3,3,2,0,1,4,4,4,4,4,2,2,2,2,2,2,4,4,3,4,4,4,4,3,3,4,4,2,2,2,4,3,4,2,2,43,1
4,3,3,3,4,3,3,3,1,1,3,3,3,4,3,2,2,3,2,2,3,5,5,4,3,2,2,3,1,2,4,4,2,2,4,2,4,4,3,3,32,1
5,4,5,4,4,4,2,4,1,1,3,3,4,4,4,2,2,3,3,2,5,5,5,5,3,3,5,4,2,2,3,3,4,3,4,4,5,4,3,4,43,1
4,4,4,4,4,4,3,2,2,1,4,4,4,4,5,2,2,2,4,4,4,2,5,4,2,2,1,3,3,3,4,4,2,3,3,4,3,3,3,4,25,1
2,2,1,4,2,2,2,2,2,1,2,2,4,2,4,3,2,3,4,1,5,4,0,5,1,2,2,2,2,1,2,2,2,2,4,2,4,4,1,2,40,2
5,5,5,4,4,5,2,2,1,1,5,5,5,5,4,1,2,1,1,1,4,5,5,5,2,2,0,2,2,2,5,5,4,4,4,5,5,4,4,2,30,2
5,4,4,4,4,4,2,3,1,1,5,5,4,4,5,1,1,2,2,2,5,5,5,5,2,2,2,2,2,3,3,3,3,4,3,3,4,4,4,4,30,2
3,3,4,3,2,0,3,2,1,1,2,1,1,3,3,4,3,4,4,0,5,5,5,5,3,2,2,3,2,3,4,4,0,2,4,3,2,3,1,1,29,1
4,4,4,4,5,4,2,2,1,2,4,4,4,4,4,2,4,1,2,1,4,5,5,5,2,1,1,2,1,2,4,4,2,3,3,3,4,4,3,3,40,1
4,4,4,4,3,3,2,2,1,4,4,4,2,3,3,2,3,2,3,3,4,5,5,5,3,2,2,4,1,2,3,3,4,2,4,3,4,4,2,2,45,1
5,5,4,4,4,4,2,1,1,1,5,3,5,4,5,3,2,1,3,1,4,4,4,4,3,2,1,1,1,1,5,5,4,4,4,3,4,4,3,4,23,1
5,2,4,3,4,2,3,4,2,2,4,3,3,5,4,3,3,3,4,2,3,2,2,2,3,5,5,4,4,4,4,3,3,3,3,4,4,4,2,5,33,2
5,3,4,4,4,4,3,4,2,2,4,4,3,4,4,2,2,2,2,1,4,4,4,5,1,1,1,3,2,1,2,2,2,2,2,2,2,4,4,3,25,2
5,5,4,4,5,3,1,3,1,1,4,2,5,4,4,4,4,3,3,2,2,4,4,4,4,4,3,5,5,4,5,4,3,3,3,3,4,4,4,4,25,1
4,4,5,4,4,4,3,3,2,1,5,4,5,4,4,2,2,1,2,1,4,5,4,4,2,1,1,3,1,2,1,4,4,3,4,4,4,4,3,3,22,1
4,5,5,4,4,2,2,2,2,1,4,3,3,4,4,2,2,2,3,3,4,5,5,2,2,1,1,3,1,3,5,5,4,4,5,4,5,5,4,4,32,2
5,4,5,4,5,5,1,2,1,1,5,5,4,5,4,1,1,1,1,2,1,5,5,5,2,1,1,3,2,3,2,1,4,1,1,2,3,3,3,2,34,1
4,4,3,4,4,3,3,4,2,1,4,4,2,4,3,1,2,2,2,2,4,4,5,4,3,2,2,2,3,4,4,2,3,2,3,4,4,4,3,3,22,1
5,4,4,2,4,5,3,2,3,1,3,5,4,2,4,1,1,2,1,2,5,5,5,5,2,1,2,2,1,3,2,5,4,3,2,4,5,4,4,1,32,1
5,4,4,4,3,4,1,1,3,2,4,2,5,5,4,1,3,2,2,2,5,5,5,5,3,2,2,2,1,3,3,4,2,3,4,4,3,2,4,4,25,2
3,2,2,3,3,3,4,4,2,2,5,4,2,3,2,1,4,1,2,3,4,5,4,3,2,2,2,1,1,2,2,2,3,2,1,1,3,3,1,1,19,2
4,4,4,4,3,4,2,2,4,1,3,3,2,4,4,3,2,3,4,2,4,3,3,4,2,5,4,4,2,2,2,2,4,4,3,3,4,3,3,4,43,1
4,4,3,4,3,3,4,3,2,2,4,4,4,4,4,2,2,2,2,1,2,4,5,4,4,2,2,4,2,3,4,4,4,2,4,4,4,4,4,4,28,1
5,5,5,4,0,4,2,4,2,5,5,4,3,4,4,2,1,1,1,1,5,5,5,0,1,5,1,4,1,1,4,4,4,3,4,4,5,5,4,3,53,1
4,4,4,4,3,4,2,3,1,1,3,2,2,4,4,3,1,4,4,2,5,5,5,5,2,2,1,3,1,2,3,4,3,2,4,3,4,4,2,3,31,1
5,4,3,4,3,5,4,3,1,2,4,2,4,5,4,4,2,3,3,2,2,4,5,5,2,4,4,5,1,4,4,4,3,1,3,4,4,5,4,3,33,1
4,4,4,3,4,4,2,3,1,2,4,3,3,4,3,2,2,2,2,3,4,5,2,4,3,2,2,2,2,3,5,4,3,3,4,3,4,4,3,3,33,1
5,4,4,4,4,4,2,2,2,1,2,4,2,5,4,2,2,2,2,2,3,3,4,4,2,2,2,2,3,2,3,3,4,4,4,4,4,4,2,2,36,1
4,3,2,4,4,4,3,3,1,2,2,1,1,4,2,4,3,4,4,2,4,5,5,5,3,2,2,2,3,4,2,2,4,2,3,2,4,4,2,1,31,2
4,4,3,4,5,4,3,1,2,4,2,2,2,4,3,4,3,4,3,2,3,5,5,5,3,2,4,3,1,2,4,3,4,3,4,4,4,5,3,1,17,1
4,2,3,2,3,3,4,4,2,2,3,2,3,4,2,4,4,3,4,3,3,4,4,3,3,2,2,3,2,4,4,2,2,2,3,3,3,2,3,1,25,2
4,4,2,4,3,3,3,2,2,2,5,3,4,4,4,3,2,2,3,2,4,5,5,5,3,2,2,3,2,2,4,4,2,2,3,2,4,4,2,3,24,2
3,2,2,2,2,2,4,4,3,2,3,3,3,3,2,3,4,3,3,3,3,4,4,4,4,3,3,4,2,3,3,3,2,2,2,2,2,2,2,2,30,2
4,2,2,2,2,3,3,3,2,1,2,1,1,4,2,4,3,4,4,3,4,2,4,3,3,3,3,4,1,2,3,3,2,2,3,1,2,2,1,1,48,2
2,3,3,2,5,4,4,3,5,5,3,4,3,2,3,2,3,2,5,4,2,2,4,5,4,2,2,2,3,2,1,1,4,2,2,3,4,3,2,2,43,1
1,2,2,2,2,2,4,4,2,3,4,1,1,1,1,5,2,2,5,2,1,5,3,4,3,2,2,5,1,1,1,1,1,1,1,1,2,2,1,1,25,2
2,1,2,2,2,2,4,4,3,2,3,2,2,2,2,5,4,5,5,4,2,3,3,2,4,4,4,4,3,4,3,2,1,1,1,1,1,1,1,1,44,2
3,1,1,4,3,3,3,3,5,1,2,4,2,3,4,2,1,4,2,1,3,3,4,4,2,2,2,4,3,3,4,2,3,2,4,2,0,4,1,1,43,1
5,4,4,2,4,5,2,2,1,2,5,5,4,5,2,2,4,1,2,1,4,4,4,4,2,4,1,2,1,2,4,4,2,4,2,5,4,2,2,4,31,2
5,4,4,3,3,4,2,2,1,2,3,2,1,5,2,4,3,4,4,1,5,5,5,5,2,1,1,1,1,2,4,2,4,2,4,2,4,4,1,2,32,2
4,3,2,3,3,3,2,2,1,1,4,3,4,4,3,3,3,3,4,2,4,5,5,4,2,2,2,2,2,2,4,4,2,2,2,2,2,3,2,2,55,1
2,2,1,3,1,1,4,4,2,3,4,1,1,2,2,5,4,4,5,2,2,5,4,4,3,3,3,4,1,3,3,2,4,2,3,3,2,2,2,2,40,2
4,4,4,4,3,4,2,2,2,2,4,4,3,4,4,2,2,2,2,2,4,4,4,4,2,2,2,2,2,3,3,3,3,3,3,3,4,2,3,3,55,2
4,2,2,2,3,2,4,2,2,2,5,3,2,4,4,2,3,2,4,2,3,4,4,3,3,2,3,3,2,2,2,2,2,2,2,2,2,2,2,2,23,2
2,4,4,3,4,4,3,3,2,3,3,2,1,1,2,4,4,4,4,4,4,5,5,5,2,1,1,2,1,2,3,3,4,3,2,3,2,2,3,2,28,2
4,4,3,4,4,2,4,5,1,2,2,4,4,4,2,2,2,4,4,2,2,4,2,4,4,1,2,4,1,2,4,4,2,1,2,1,2,1,2,2,24,2
4,5,5,4,4,4,3,2,2,5,5,4,3,4,3,2,2,1,2,2,5,5,5,5,1,1,1,1,1,1,2,3,2,2,4,4,5,4,3,2,29,1
5,4,4,5,4,4,2,2,5,2,5,4,5,5,4,2,2,1,3,1,4,5,5,5,3,2,2,2,1,2,4,4,3,2,3,3,3,4,3,3,24,1
5,5,5,5,4,4,2,2,2,1,5,5,5,5,5,1,2,1,1,1,5,5,4,5,2,1,1,4,1,1,2,4,5,4,5,4,5,4,4,4,29,1
4,4,2,3,5,4,2,3,1,1,5,4,3,4,3,1,4,1,2,2,5,5,4,4,2,2,1,2,1,2,4,3,4,2,2,3,4,4,2,3,20,1
4,5,5,4,4,4,1,1,1,2,4,5,5,4,4,2,2,3,2,1,4,4,4,4,3,3,2,4,5,3,5,5,5,5,4,5,5,5,5,4,31,2
4,4,5,5,4,4,2,3,1,1,5,4,4,4,4,2,2,2,1,2,4,5,5,5,3,1,1,3,1,2,5,5,4,4,4,4,5,5,5,5,25,1
4,4,4,4,3,4,3,3,3,3,3,3,4,4,4,3,2,2,3,3,3,4,3,4,3,3,3,3,3,3,4,4,4,4,4,4,4,4,4,4,37,1
2,4,2,2,3,2,4,3,1,2,2,1,1,2,3,5,4,5,5,4,3,5,4,4,3,2,2,2,2,2,4,4,4,2,1,2,1,3,1,1,23,2
2,4,3,4,2,2,2,4,2,2,4,2,3,3,2,4,3,2,4,4,4,4,3,4,3,3,3,4,2,3,2,2,2,2,2,2,2,2,2,2,55,2
1,5,4,4,4,5,2,2,5,1,2,1,3,2,4,5,2,2,4,3,2,4,5,4,4,2,2,3,2,3,5,5,5,4,4,4,4,4,4,4,31,1
3,2,2,3,2,2,5,4,3,3,4,3,2,3,2,2,3,2,4,3,3,4,4,3,4,2,2,2,2,3,3,3,2,2,2,2,3,2,2,1,30,2
5,5,4,5,4,4,1,1,1,1,5,5,5,5,5,1,5,2,1,1,3,5,5,5,2,2,2,4,1,2,5,4,3,2,4,2,4,4,2,2,53,1
5,3,4,4,4,3,3,2,1,1,3,5,3,4,4,2,1,3,3,3,5,5,5,5,2,3,2,3,2,3,5,5,4,3,5,4,5,4,2,3,30,1
3,4,3,3,3,4,3,3,5,3,2,2,3,3,3,4,2,4,4,2,5,5,5,5,3,2,2,4,2,3,4,4,4,3,3,3,3,4,3,2,51,1
5,3,3,4,2,5,1,1,1,1,2,2,4,4,2,4,3,3,4,1,1,2,3,2,4,4,4,5,4,1,3,3,4,5,5,3,5,5,4,2,33,1
4,3,2,4,4,4,4,3,2,1,3,3,4,4,4,3,2,4,2,2,2,4,4,4,2,2,2,4,1,2,4,4,3,2,2,2,3,4,2,2,28,2
4,2,2,3,2,3,4,2,2,2,4,2,3,4,3,4,2,2,4,2,4,4,5,4,4,4,3,2,1,2,2,2,3,1,2,2,3,3,1,1,29,2
4,4,3,4,4,4,3,4,2,2,4,3,3,4,5,2,1,2,3,2,3,4,4,4,2,2,2,3,2,2,4,4,3,2,2,2,3,3,2,2,23,1
5,4,4,5,4,4,2,2,1,1,4,5,5,5,5,1,1,1,1,1,3,4,5,4,4,4,2,4,1,3,5,5,4,4,4,5,5,5,4,4,65,1
5,5,4,5,4,4,2,2,1,1,4,5,5,5,5,1,1,2,5,1,3,4,5,4,3,3,3,4,1,3,5,5,4,4,4,5,4,4,4,4,65,1
5,4,4,4,4,3,2,2,1,1,4,4,2,4,5,2,2,2,2,2,3,4,4,4,2,2,2,2,2,4,3,2,3,2,4,3,4,4,3,4,43,1
2,2,2,4,2,4,3,2,2,1,2,1,1,2,2,4,4,4,4,4,5,5,5,5,2,2,1,2,1,1,4,3,4,3,4,3,4,4,2,2,38,1
1,4,4,2,2,2,2,2,2,2,1,1,1,1,2,5,4,5,5,2,2,2,4,2,4,4,4,4,1,4,2,2,2,2,4,2,4,4,2,2,30,3
5,5,5,5,5,5,1,1,1,1,4,5,5,5,5,1,1,3,2,1,4,5,5,5,2,3,2,3,2,1,4,4,3,3,3,2,3,4,2,2,35,2
5,5,4,5,4,4,2,2,2,1,4,5,5,5,5,1,1,3,2,1,4,5,5,4,3,3,2,4,1,2,5,5,4,4,4,5,4,4,4,4,65,1
5,4,4,5,5,4,2,3,2,2,5,4,1,5,5,3,1,2,3,3,4,5,5,4,3,1,1,4,1,1,4,4,3,3,1,2,4,5,3,5,24,1
3,4,2,4,3,4,2,3,1,1,3,3,5,3,3,3,2,3,2,2,2,5,5,5,3,2,3,4,2,3,4,4,1,2,2,2,3,3,4,1,32,1
4,2,4,5,5,5,1,1,2,0,2,1,1,4,5,1,1,5,5,1,2,4,4,4,4,4,4,4,1,4,1,1,5,4,1,1,1,1,1,1,21,2
2,3,2,4,2,2,3,3,1,2,4,3,2,2,4,3,1,4,3,3,2,5,5,3,4,2,2,3,1,2,2,2,4,2,3,2,2,2,1,1,24,2
4,4,4,4,3,3,4,3,2,2,3,3,1,4,4,3,2,3,3,3,4,4,3,3,4,3,3,4,2,3,4,4,3,3,3,3,4,4,3,3,43,2
2,1,1,3,2,1,3,4,3,2,4,3,1,2,4,2,2,2,3,3,5,5,4,5,2,1,1,2,1,1,2,2,5,2,3,1,4,2,1,1,21,2
2,4,2,5,3,4,3,3,1,1,2,2,4,2,2,2,2,5,3,2,1,4,5,2,4,4,2,5,2,4,5,5,4,4,4,4,3,5,3,4,27,1
5,5,5,4,5,5,2,1,1,1,4,5,5,5,4,1,1,1,1,1,4,5,5,5,3,2,2,3,5,3,5,5,4,5,5,5,5,5,4,4,24,1
5,3,3,4,5,3,3,4,2,2,5,5,5,5,4,2,2,1,3,1,4,5,5,5,3,2,2,3,1,2,4,4,5,2,4,2,5,4,2,3,32,1
4,4,4,3,3,4,2,2,2,3,2,2,2,4,3,3,2,4,3,2,2,4,5,4,2,2,2,4,1,2,2,2,2,2,2,2,4,4,1,2,39,2
4,2,1,4,3,2,4,3,2,3,4,1,4,4,4,5,2,1,5,3,3,5,5,4,3,2,2,4,2,4,3,2,3,1,3,1,1,4,2,1,26,1
2,4,3,4,4,3,3,3,2,2,4,2,3,4,3,4,2,4,4,2,3,4,5,5,2,2,4,4,2,2,4,4,5,4,5,5,4,4,3,3,23,1
4,4,4,4,3,4,2,4,2,2,4,4,4,4,4,3,2,2,3,2,3,3,4,4,3,3,3,4,1,4,3,2,2,2,4,3,3,3,4,3,65,2
5,3,2,4,4,4,2,2,1,1,5,5,4,4,4,1,2,2,2,2,4,4,5,4,2,1,2,2,1,2,4,4,3,2,2,2,4,4,1,1,40,1
4,3,4,4,3,4,3,2,2,2,5,4,3,4,4,2,2,5,2,5,3,5,5,4,2,2,2,3,2,2,3,3,3,3,3,3,3,3,3,2,47,2
4,5,4,4,4,4,2,2,1,1,5,5,5,4,5,1,2,2,2,2,4,4,4,4,3,2,2,3,3,3,3,2,3,2,2,2,3,3,4,4,42,1
2,3,5,5,2,4,3,3,1,1,3,5,5,3,4,5,2,3,2,4,5,5,5,5,2,3,3,4,2,3,2,2,2,1,4,5,2,4,3,1,19,1
2,3,4,4,4,4,2,3,2,1,2,2,2,2,3,4,3,4,4,4,3,4,3,3,2,2,2,2,2,2,2,3,4,3,5,4,4,4,3,3,17,2
4,4,4,4,3,4,3,3,1,1,5,4,3,4,4,1,2,1,3,2,3,4,5,0,2,1,1,3,1,1,2,2,3,3,4,3,4,4,2,3,39,2
4,4,3,2,3,4,3,2,1,1,4,3,2,4,2,2,2,2,2,1,4,5,4,4,4,4,3,3,1,2,4,4,4,3,2,4,4,5,3,3,50,2
3,2,2,4,3,3,3,4,2,2,4,3,2,2,2,3,3,2,4,4,4,5,4,4,2,1,1,2,2,2,2,2,2,2,2,1,3,2,1,2,27,1
4,3,3,4,4,3,4,2,2,2,3,3,4,4,4,2,2,4,4,3,4,4,4,4,2,2,2,4,1,4,4,4,3,2,2,2,3,4,2,2,28,2
2,2,4,2,1,4,3,3,2,2,3,2,1,2,2,4,3,4,4,3,3,4,4,3,3,3,3,2,2,2,2,2,3,2,3,3,4,3,3,2,36,1
1,5,5,5,5,3,3,3,1,1,5,5,1,1,5,1,1,1,1,3,5,1,3,3,1,1,1,1,3,5,3,3,5,5,5,3,3,1,3,3,28,2
3,5,5,3,3,5,3,5,1,1,3,5,2,3,4,1,2,3,2,3,4,5,3,3,4,2,2,3,4,3,3,2,5,4,4,3,4,5,4,3,33,2
2,1,2,3,2,2,4,4,2,2,3,3,2,2,3,2,3,2,2,3,4,5,5,5,3,3,3,3,2,2,2,2,2,2,3,2,2,2,2,2,28,2
4,4,3,4,3,4,4,5,1,2,2,3,3,4,4,3,4,4,5,2,4,4,4,5,2,2,2,4,1,2,2,2,2,2,2,1,3,4,2,2,31,1
4,4,4,4,4,5,2,2,2,1,3,3,4,4,4,3,2,3,2,5,2,4,4,4,3,3,2,2,1,3,4,3,3,4,4,4,3,4,4,4,28,2
5,4,3,4,5,5,1,1,1,1,5,5,5,5,5,2,1,1,3,1,5,5,5,5,1,1,1,1,1,2,2,1,2,1,2,1,4,4,1,1,45,1
4,3,3,4,3,4,2,2,1,5,4,4,5,4,4,2,2,2,2,5,4,4,5,4,2,2,2,4,2,4,2,2,2,1,2,1,4,2,2,1,41,1
4,4,5,4,5,4,2,4,2,3,4,5,4,4,4,1,2,2,2,2,4,4,2,2,4,4,3,4,4,4,4,4,4,5,4,5,2,4,2,5,33,2
4,4,3,4,0,0,0,0,0,0,0,0,0,0,0,0,0,0,0,0,0,0,0,0,0,0,0,0,0,0,0,0,0,0,0,0,0,0,0,0,23,1
4,4,3,4,3,4,2,1,1,1,5,2,4,4,3,4,2,2,4,1,5,5,5,5,2,2,2,2,2,3,2,2,4,2,4,2,4,4,2,3,46,2
4,4,4,4,3,4,2,2,2,0,4,3,3,4,4,4,2,2,4,2,4,4,4,3,3,3,3,3,2,4,2,2,2,2,2,2,3,4,3,3,39,2
4,4,2,3,4,3,2,4,1,4,3,2,1,4,3,2,1,4,4,2,4,5,5,5,3,2,4,5,1,4,5,3,5,4,4,3,4,5,2,2,17,1
3,3,3,3,3,3,4,3,4,3,3,2,2,3,2,4,4,3,3,2,3,5,4,4,3,3,3,3,1,3,3,3,3,3,3,3,3,3,3,4,31,2
3,2,2,4,2,4,4,3,4,1,3,2,4,3,3,4,3,2,4,3,5,4,4,3,4,4,2,5,2,4,3,1,4,2,5,4,5,5,2,2,17,1
2,4,2,5,2,4,2,2,1,1,4,3,3,2,4,3,1,4,4,2,3,4,5,4,3,3,2,5,1,1,5,5,5,2,5,5,4,4,4,3,23,1
2,2,1,2,3,3,4,4,1,1,4,2,2,2,3,4,3,2,3,2,4,5,5,5,2,1,1,2,1,1,4,4,3,3,4,2,3,4,2,1,38,2
5,4,4,5,3,3,2,2,1,1,4,4,4,5,5,2,1,1,2,1,4,5,5,5,2,2,1,2,1,2,5,5,4,4,3,3,5,4,3,2,30,1
4,4,4,4,4,4,2,2,5,1,4,4,4,4,4,2,2,2,2,1,4,4,5,4,4,2,4,4,2,2,3,3,4,2,2,4,4,4,2,1,41,1
4,5,5,4,4,4,1,3,2,1,4,4,3,4,4,2,2,2,1,4,4,5,5,5,3,2,2,3,2,2,4,4,4,4,4,4,4,5,4,2,43,1
3,3,2,3,3,4,4,4,3,2,4,4,2,3,2,3,3,3,2,2,4,4,4,4,3,3,2,2,2,4,3,4,3,2,4,2,4,4,3,2,38,2
4,4,3,3,5,4,2,3,2,1,5,3,2,4,3,4,2,2,4,1,5,5,5,5,2,2,2,1,1,2,4,4,4,2,4,2,4,4,2,3,27,2
5,4,4,4,3,4,2,3,2,2,5,5,5,5,4,2,2,2,2,1,3,5,4,4,2,2,2,3,1,2,4,4,4,4,4,2,5,5,4,2,37,1
4,3,2,4,2,4,3,0,2,2,4,4,2,3,4,1,1,2,2,2,4,5,5,5,3,2,2,3,2,4,4,4,4,4,4,2,3,4,2,2,30,2
3,3,3,4,3,3,3,2,2,2,3,3,3,3,4,3,2,3,3,2,2,4,5,5,3,3,2,4,3,2,3,3,4,4,4,3,3,4,2,3,47,1
3,2,2,4,2,2,4,4,1,2,2,1,2,4,4,5,2,4,4,3,2,2,5,3,4,4,4,4,4,4,2,2,3,2,3,4,3,2,4,2,19,1
2,5,4,3,4,5,4,2,1,1,2,1,4,2,3,5,1,4,4,2,5,4,5,5,4,3,1,5,1,1,4,4,4,4,3,1,5,4,4,2,40,1
4,4,4,4,3,5,2,2,1,2,3,2,2,4,4,4,2,3,4,2,4,5,5,5,2,1,1,2,1,1,4,4,2,3,4,3,4,4,3,4,34,1
4,3,3,4,3,3,3,2,2,2,4,2,2,4,3,4,4,2,4,2,3,4,4,4,2,2,2,2,2,3,2,2,3,1,3,3,3,3,1,3,41,2
4,4,4,3,3,3,2,3,1,1,5,2,2,4,3,4,2,2,4,2,2,4,4,3,4,3,2,4,2,4,2,1,3,1,1,1,4,4,1,1,39,2
2,3,3,3,3,4,2,2,1,1,4,1,1,2,3,5,3,2,5,3,3,4,4,4,3,2,3,4,2,2,4,4,2,1,1,1,2,2,1,1,58,1
1,3,2,4,3,4,4,3,2,1,1,1,2,1,3,4,3,4,4,2,3,5,5,5,3,3,2,4,1,2,4,4,4,3,5,2,2,4,2,3,22,1
5,5,5,5,4,5,1,3,3,5,4,4,5,5,5,1,1,1,3,2,5,5,5,5,1,1,1,5,3,3,3,4,3,3,3,4,4,4,1,1,52,1
5,5,5,5,5,5,1,1,1,1,5,4,5,5,5,2,1,2,1,1,5,5,5,5,1,2,2,4,1,2,5,5,5,5,5,5,5,5,5,5,49,2
4,4,4,3,3,3,2,4,3,5,4,5,4,4,2,2,1,1,3,2,2,4,4,4,3,3,2,4,1,3,4,3,4,3,4,2,4,4,3,4,59,2
5,3,3,4,4,1,4,4,4,5,4,5,1,5,4,3,2,2,5,1,5,5,5,5,2,1,1,2,4,5,4,4,1,1,2,1,2,4,1,4,52,2
3,4,4,3,4,4,2,3,2,2,3,3,3,3,3,3,3,4,3,2,3,3,3,3,4,4,3,3,0,4,3,3,3,3,4,4,2,3,3,3,45,2
4,4,4,3,3,4,2,2,3,2,3,4,4,4,3,3,3,3,2,2,3,2,2,3,2,2,4,2,2,3,4,3,4,4,0,1,4,4,3,2,45,1
5,4,2,4,3,3,2,3,2,2,5,4,5,4,4,1,1,2,3,2,4,5,4,4,3,2,1,3,2,2,3,2,3,2,2,3,3,3,2,2,55,2
4,4,4,3,4,4,2,2,2,2,4,4,3,4,2,2,3,2,4,2,4,5,4,3,4,2,2,3,2,2,3,2,2,2,3,3,4,3,3,2,54,2
4,4,2,4,2,2,2,4,1,2,5,4,2,2,2,2,1,1,2,1,5,4,4,4,4,2,2,4,2,2,2,2,2,2,2,2,4,4,2,3,53,2
4,4,5,4,3,4,2,4,1,1,4,4,1,4,3,2,2,2,2,1,5,4,3,5,2,4,2,2,1,1,4,3,4,3,5,4,4,4,3,3,27,2
4,4,4,3,5,3,2,1,2,1,4,5,3,3,3,1,2,1,2,1,5,5,3,5,1,2,1,3,2,1,3,2,5,4,4,4,5,5,2,4,38,1
4,5,4,4,4,4,2,2,2,1,4,2,2,4,4,2,2,2,4,2,2,4,4,4,2,2,2,4,1,2,4,2,3,4,3,3,4,4,2,2,40,1
3,2,2,2,3,4,3,4,2,2,4,2,1,3,2,4,2,4,4,3,2,4,4,5,3,2,1,5,1,1,4,3,3,3,2,1,4,3,2,2,40,2
4,3,2,2,0,5,3,4,4,5,5,3,1,4,4,4,2,1,4,1,4,5,5,5,2,1,1,3,1,2,3,3,5,3,5,4,4,4,3,3,29,1
4,4,4,2,4,3,3,3,1,2,4,1,1,3,2,5,3,2,5,2,3,4,3,4,4,2,2,4,1,3,4,2,3,1,3,1,4,0,2,1,36,2
5,4,4,5,4,4,2,1,1,1,4,5,5,5,5,1,1,2,1,1,4,4,5,4,2,2,2,4,1,2,5,5,4,4,4,5,4,4,4,4,65,1
4,4,2,4,2,3,4,4,2,1,5,4,4,4,4,2,2,4,2,2,4,4,4,4,4,2,2,5,4,2,1,1,4,1,1,1,1,1,1,1,56,2
4,3,4,2,3,3,3,3,1,1,2,1,1,3,1,5,5,5,4,3,4,4,5,5,2,2,1,3,4,4,0,3,3,3,2,3,4,4,3,3,63,2
4,5,5,5,4,4,3,3,5,2,4,4,4,4,3,2,2,3,3,1,5,4,5,4,4,2,1,2,1,3,3,3,4,3,3,3,3,4,2,4,50,2
5,4,2,4,3,2,3,2,2,2,3,1,1,4,3,5,2,4,5,3,3,5,4,4,3,2,1,3,1,2,2,1,2,2,3,2,4,4,3,2,31,2
2,4,2,2,2,0,0,0,0,0,0,0,0,0,0,0,0,0,0,0,0,0,0,0,0,0,0,0,0,0,0,0,0,2,3,2,4,4,4,4,45,2
5,5,4,4,3,4,2,1,1,2,4,3,3,4,4,4,2,2,3,1,2,3,5,5,3,4,2,4,1,3,5,5,5,4,5,3,4,5,3,2,32,1
4,4,2,5,2,3,3,4,5,2,4,4,5,4,4,2,2,2,3,2,2,4,4,3,3,3,3,3,2,3,2,2,2,4,4,2,4,5,2,4,19,1
4,3,2,3,2,3,4,3,2,2,4,4,4,4,3,3,2,2,4,3,2,4,4,4,3,3,4,4,3,3,2,2,2,2,2,2,2,2,2,2,52,2
5,5,4,4,4,3,2,2,1,1,5,4,5,5,5,2,1,1,3,1,5,5,5,5,4,2,1,2,2,1,3,3,3,3,4,2,4,5,2,2,35,1
4,2,3,4,3,3,3,4,4,3,4,4,1,2,3,3,2,2,2,3,5,4,4,3,3,3,3,3,4,3,3,3,2,2,2,2,3,2,2,2,54,2
5,5,5,5,5,5,1,1,2,1,5,5,5,5,4,2,1,1,2,5,4,4,4,4,3,2,2,3,5,2,4,4,0,2,3,4,5,5,2,2,69,2
5,4,4,5,4,2,4,4,2,2,5,4,4,4,4,2,4,2,2,2,4,4,4,4,4,3,2,2,4,2,4,2,4,2,2,4,2,4,3,1,39,2
4,4,4,4,4,5,2,2,2,1,3,3,2,4,3,3,1,3,3,3,3,4,3,3,4,2,2,3,1,1,4,4,4,4,4,3,4,5,3,4,30,1
4,4,5,4,4,4,2,2,2,1,4,4,3,4,4,3,2,2,3,1,3,5,4,4,4,3,3,3,3,3,4,4,2,2,1,3,2,3,3,2,35,1
1,1,1,1,3,1,4,3,4,2,1,1,2,3,1,5,5,4,5,4,2,4,5,4,3,5,4,4,2,4,1,1,3,1,1,1,3,2,1,1,47,1
4,4,4,4,3,4,3,4,1,2,5,2,4,5,4,4,2,2,3,1,5,4,3,4,4,2,2,3,2,4,5,5,3,3,2,3,2,4,2,4,39,1
4,4,4,4,4,4,3,2,1,1,4,3,1,4,3,3,2,2,3,1,5,5,4,4,3,1,1,2,2,2,4,4,4,3,3,3,4,5,4,3,33,1
1,4,4,3,1,4,2,2,2,1,2,5,4,2,4,2,2,4,1,2,1,2,5,5,4,4,4,4,5,3,4,2,4,2,3,2,4,5,1,1,39,2
4,3,4,4,3,4,3,2,3,2,5,2,2,4,3,4,2,2,4,2,2,4,4,2,4,4,4,4,2,4,2,2,2,2,4,3,4,4,2,2,39,2
2,4,3,2,2,4,3,2,5,2,2,2,4,3,1,4,4,4,4,4,3,3,4,4,3,3,2,4,3,2,1,1,4,1,2,4,3,2,1,1,45,1
5,4,3,4,3,3,3,2,1,1,5,5,3,4,4,2,2,2,2,2,4,4,4,4,2,2,1,1,1,1,4,5,4,4,4,4,4,5,3,3,38,1
3,4,4,4,4,4,2,4,2,3,4,3,2,3,4,4,3,2,3,3,1,4,1,3,4,4,4,4,3,4,5,3,4,4,4,4,1,4,2,3,42,2
4,2,2,3,3,3,3,3,2,1,3,2,4,4,3,4,2,3,4,3,4,5,5,5,2,2,2,3,2,2,1,1,2,2,2,2,2,3,1,1,42,2
4,4,4,4,4,4,4,4,2,2,4,3,2,3,3,3,2,2,3,3,3,4,4,4,3,2,2,4,2,3,3,3,2,2,2,3,3,3,2,2,44,2
3,2,3,2,4,4,2,3,2,1,1,1,1,3,2,4,3,4,4,3,2,4,4,4,2,2,2,4,2,2,4,3,3,2,3,2,4,4,2,2,41,2
4,4,3,4,5,5,2,3,1,1,5,5,4,4,4,1,1,1,1,1,3,5,5,4,2,4,2,3,1,3,2,3,3,3,5,4,3,4,4,3,41,2
4,3,3,4,3,4,3,2,3,2,4,2,2,4,4,3,2,2,4,3,2,4,4,4,4,3,3,4,3,4,3,2,3,2,4,2,2,2,4,2,30,2
4,4,3,2,4,3,3,4,1,1,5,4,5,0,3,4,2,2,4,1,5,5,5,5,5,3,3,4,1,3,3,2,4,1,2,2,4,4,2,1,54,1
4,4,3,3,3,4,3,2,1,2,4,4,4,4,3,2,2,2,2,2,3,4,4,3,3,4,3,3,1,4,4,3,2,2,2,2,2,2,2,2,30,2
5,5,5,4,5,5,2,1,3,1,2,3,5,5,2,3,2,4,3,1,2,2,4,4,2,3,3,4,3,1,3,3,4,4,4,5,4,4,1,1,33,2
4,4,3,3,3,3,2,2,2,2,4,2,4,4,4,4,2,2,2,1,4,2,5,3,3,4,4,4,2,4,4,4,3,3,4,4,4,4,3,2,36,2
5,5,4,5,4,4,2,2,1,2,5,5,3,4,3,2,2,2,2,1,3,5,5,5,2,2,1,1,1,1,5,5,4,3,4,3,4,5,4,2,52,1
1,1,1,1,1,1,5,5,4,2,1,1,1,1,1,5,5,5,5,5,2,2,5,5,4,5,5,4,5,3,3,3,2,1,2,2,1,1,1,1,34,1
4,2,2,3,2,3,4,4,2,2,3,1,1,4,2,5,3,4,4,4,4,3,3,3,4,3,3,3,4,3,2,2,2,2,2,2,2,2,2,2,26,2
2,5,5,4,5,5,1,1,1,2,1,5,4,2,4,1,2,5,1,4,5,4,4,4,2,2,2,1,1,1,5,5,5,5,5,5,5,5,3,4,24,1
3,4,3,4,2,3,4,3,3,1,5,4,2,4,3,4,2,2,4,2,5,5,5,5,3,3,2,2,2,3,1,1,1,2,3,1,2,3,2,1,49,2
4,2,4,1,4,4,2,2,1,2,5,1,1,3,2,5,5,5,5,3,2,3,3,2,2,4,3,3,3,3,5,5,5,2,5,1,3,4,4,1,33,1
5,4,5,5,3,4,2,1,1,3,4,5,4,5,4,3,2,3,3,2,4,5,5,3,3,4,4,3,2,1,4,5,2,1,3,5,3,2,4,4,20,1
4,4,3,4,3,4,4,3,1,1,4,3,2,2,3,4,5,3,4,4,5,5,5,5,3,2,2,3,2,3,4,5,4,1,4,3,4,4,1,2,39,1
4,3,3,4,4,3,3,2,2,1,5,4,5,5,5,3,1,1,2,2,4,5,5,5,3,1,1,2,1,2,5,3,3,2,3,4,3,4,2,4,16,1
5,4,2,5,1,5,1,4,1,1,5,5,5,5,5,1,3,1,4,1,1,5,5,5,2,1,5,1,5,1,5,5,5,5,5,5,5,5,5,1,15,1
2,1,1,2,2,1,5,4,4,3,1,1,4,1,2,5,5,5,5,4,5,4,5,5,4,2,1,4,2,3,2,2,3,4,5,2,4,5,3,2,14,1
4,4,4,4,4,4,2,3,2,2,4,4,4,4,4,2,2,2,3,4,3,4,4,3,4,0,2,2,4,2,3,3,4,4,4,3,3,3,2,2,38,2
3,3,3,3,3,3,3,3,3,3,4,4,2,3,2,3,3,3,4,3,5,5,4,4,1,1,1,2,1,3,3,3,3,2,3,3,3,3,3,3,26,1
2,3,2,3,3,3,4,3,1,2,3,3,3,2,3,2,3,3,3,2,2,4,4,3,4,3,2,3,2,3,3,3,2,3,4,3,3,3,3,3,21,1
5,4,4,0,4,4,2,1,4,5,5,5,5,5,0,4,2,1,1,1,4,4,5,5,3,1,1,3,3,1,5,5,4,3,4,3,4,4,4,4,42,1
4,4,3,5,4,4,3,2,2,1,4,5,5,4,5,1,1,1,2,2,5,5,5,4,3,2,2,3,1,3,4,4,3,4,4,5,3,4,4,3,49,2
4,2,3,2,4,4,4,4,2,2,4,3,1,3,3,3,3,1,3,2,3,5,4,4,2,2,2,2,2,2,2,2,2,2,2,2,2,4,2,1,35,2
5,5,5,5,5,5,2,2,1,1,5,4,4,5,5,2,1,2,3,2,2,3,4,3,4,3,3,4,3,4,4,5,4,3,4,4,4,4,3,3,41,1
4,4,5,4,4,5,3,3,3,1,2,2,5,4,3,4,2,4,4,1,4,4,5,5,3,2,2,4,2,1,3,3,5,4,3,4,3,4,3,2,41,1
4,4,3,4,3,4,2,2,2,1,5,4,4,4,2,1,1,1,2,2,2,5,4,4,4,4,2,4,1,5,5,4,2,2,2,2,4,4,3,2,65,1
5,3,2,4,4,3,3,4,1,2,2,2,2,5,5,5,1,0,4,2,4,4,3,3,4,4,3,5,1,1,1,5,3,2,2,5,2,4,2,2,34,2
2,3,3,4,5,2,2,4,1,1,4,4,3,2,4,2,2,2,3,1,5,2,5,5,1,1,1,4,2,1,5,4,4,1,4,2,1,5,2,1,40,1
4,3,3,4,4,4,3,3,3,2,3,2,3,4,4,3,2,3,4,3,4,4,4,4,3,2,2,3,2,3,3,3,3,2,2,3,3,3,2,2,25,1
4,4,2,4,2,2,4,4,2,2,4,1,1,4,4,4,2,2,2,2,4,5,4,4,2,2,2,4,2,4,2,2,4,2,4,2,2,4,2,2,31,0
3,4,3,3,3,4,4,4,2,2,4,4,3,3,3,2,2,3,3,2,3,5,4,4,3,2,2,3,2,0,4,4,2,2,2,2,3,3,2,1,42,2
3,4,3,5,4,4,3,1,1,1,5,5,5,3,4,2,2,1,1,1,5,5,5,5,5,3,1,4,0,3,5,5,5,3,5,4,5,5,5,5,23,1
4,3,2,4,3,2,3,4,2,1,4,4,2,4,3,2,2,2,4,2,5,4,4,4,3,2,2,3,2,3,3,3,3,1,1,1,4,4,1,1,40,2
3,2,2,1,2,1,4,4,3,2,2,3,1,3,2,3,3,4,3,2,2,4,4,4,3,3,2,4,2,4,1,1,3,1,2,1,1,2,1,1,55,2
5,5,4,5,5,5,3,3,1,1,4,4,5,5,5,0,0,2,2,1,5,5,5,5,2,2,2,2,2,2,4,4,4,3,2,2,4,3,2,2,50,2
3,4,3,5,3,3,4,2,1,1,5,2,1,3,3,5,1,1,3,1,1,5,5,4,4,2,2,2,5,3,1,1,3,1,1,1,1,1,1,1,30,2
5,5,3,3,2,3,2,2,1,2,5,3,2,5,3,4,2,2,4,2,5,5,5,5,2,2,1,1,1,1,1,1,3,2,2,2,2,2,3,2,62,2
2,4,2,4,4,2,4,2,2,1,4,2,1,2,2,4,2,2,4,2,4,4,4,4,2,2,2,2,2,2,2,2,2,2,3,2,4,3,2,4,32,2
4,2,2,2,4,4,4,2,4,1,4,1,4,4,2,5,4,1,4,1,5,5,5,4,2,1,1,1,1,2,4,4,2,1,1,1,2,1,2,1,29,2
4,4,4,5,4,4,2,3,1,1,5,5,2,4,4,2,2,1,2,4,5,5,5,5,2,2,2,3,3,3,4,3,4,4,3,2,3,3,3,2,23,1
4,3,4,3,3,3,3,2,2,2,4,2,3,4,3,2,2,3,3,2,5,5,5,5,3,2,2,3,1,2,2,2,3,2,2,1,4,4,2,2,60,2
4,3,3,3,4,2,2,3,1,1,5,3,3,4,4,3,2,2,3,2,3,5,4,4,2,3,3,3,2,2,2,2,2,2,3,1,4,4,1,3,53,1
3,2,3,1,4,3,3,3,3,2,3,3,2,3,4,4,1,4,3,5,4,4,3,4,3,1,1,1,1,2,3,3,1,1,1,1,1,2,1,1,29,2
2,2,2,2,2,2,2,2,3,4,3,1,1,2,2,4,3,3,4,3,3,4,3,2,4,4,3,4,3,4,1,1,3,2,3,2,3,4,2,2,49,2
4,4,3,4,4,4,3,3,3,2,2,2,2,4,2,4,4,4,3,1,4,1,2,2,4,4,4,5,3,5,3,4,5,5,5,4,5,5,5,5,50,1
5,5,4,4,3,4,1,1,1,1,1,5,3,4,4,1,1,1,1,1,4,5,5,4,3,1,1,1,1,1,4,4,3,4,2,2,3,4,3,1,57,2
5,4,3,5,5,3,2,3,2,1,5,4,4,4,4,1,2,3,2,1,4,5,3,5,1,3,1,1,1,2,1,1,4,1,4,2,5,3,5,1,47,2
3,5,5,5,4,4,2,4,1,1,5,4,5,5,5,3,1,2,2,1,4,5,5,5,2,2,2,3,3,4,5,4,2,2,1,4,3,4,2,1,48,1
4,5,5,5,5,5,1,2,1,1,5,4,5,4,4,4,1,4,4,3,5,5,5,5,1,1,1,4,1,1,5,5,4,3,3,5,4,5,4,4,26,1
4,5,3,5,4,4,2,2,1,2,4,5,5,5,4,2,1,3,2,1,4,5,5,5,2,1,1,4,2,4,4,4,2,2,4,2,2,4,4,4,49,2
4,2,2,4,4,4,2,2,1,2,4,4,4,4,3,2,2,2,2,2,4,5,5,5,3,3,2,2,2,2,4,4,2,2,2,2,4,4,2,2,53,2
4,5,4,4,4,5,2,3,1,2,4,2,4,4,4,4,4,2,4,1,4,4,5,4,2,3,2,4,3,2,4,4,4,4,4,4,4,4,3,4,42,1
0,3,3,3,3,3,2,2,1,1,5,4,4,4,3,2,2,1,2,1,4,5,4,5,2,2,1,2,1,1,3,3,2,2,2,3,2,3,1,1,59,2
5,4,3,3,3,3,3,3,2,2,4,3,3,0,3,3,2,2,2,2,4,4,5,4,3,3,3,3,2,2,3,3,0,3,3,3,3,3,3,2,50,1
4,5,2,2,5,5,2,4,1,1,4,2,1,4,2,5,2,1,4,1,5,5,5,5,2,2,2,2,1,2,5,5,1,1,1,1,2,2,2,1,36,2
3,3,2,2,4,3,3,3,1,2,3,3,2,3,2,3,4,3,3,3,3,5,5,4,3,3,3,3,3,3,5,4,4,3,4,3,4,3,2,1,18,2
4,4,4,4,4,2,2,2,1,1,4,5,4,4,3,1,1,2,2,2,4,5,5,5,2,2,2,2,1,1,4,4,5,5,5,4,5,5,3,4,25,2
2,4,2,1,2,2,4,4,4,2,2,4,2,2,2,2,4,2,2,3,2,2,4,3,3,4,4,4,5,4,2,2,2,1,2,1,2,2,1,1,59,2
5,4,4,4,3,4,2,2,1,3,4,3,2,5,4,3,2,2,2,1,4,4,5,3,4,4,4,3,2,2,3,3,4,3,4,4,4,4,3,4,49,2
5,4,2,2,3,3,3,5,1,2,5,5,3,5,2,1,1,1,3,1,3,5,5,5,3,3,3,3,2,1,1,1,1,1,1,3,4,4,1,1,26,2
5,5,5,5,5,5,1,1,1,1,5,5,5,5,5,1,1,1,1,1,3,5,5,5,0,1,1,1,1,1,5,5,4,4,4,4,5,5,4,1,47,2
2,2,2,3,3,3,4,4,2,2,3,2,2,2,2,4,3,3,4,2,4,5,4,4,3,3,2,3,2,3,3,3,3,2,3,2,2,3,2,2,30,1
5,4,3,5,3,4,4,3,1,1,5,5,5,5,5,2,1,2,3,1,3,5,5,5,2,1,1,4,2,1,5,5,4,2,1,4,4,3,1,1,34,1
4,4,5,4,3,5,1,1,1,1,4,3,4,4,4,3,2,2,3,2,4,5,4,4,2,1,1,1,1,1,4,3,2,2,3,1,3,3,3,3,45,2
4,4,3,4,2,4,2,1,5,5,3,5,4,4,4,2,2,2,2,1,5,5,5,5,3,2,1,3,1,3,4,3,4,4,3,4,4,5,2,3,57,1
5,4,5,3,5,5,4,1,1,1,4,4,4,5,3,2,4,2,2,3,4,4,4,4,2,1,1,1,1,1,2,2,4,4,5,3,4,3,4,4,27,1
5,4,4,3,4,4,4,2,1,1,4,3,3,5,3,2,3,4,3,2,4,4,5,5,1,1,1,1,1,1,2,2,4,5,5,3,5,4,5,3,27,1
5,4,3,3,3,3,4,4,2,2,5,5,5,5,4,1,2,1,2,1,4,4,5,5,1,1,1,1,1,1,3,3,3,3,5,5,5,5,3,3,55,1
4,3,3,4,4,4,4,3,2,1,3,2,2,4,4,4,2,3,4,3,4,4,5,5,4,4,3,5,1,4,3,3,3,4,4,2,3,4,3,2,50,1
2,3,4,4,5,3,2,3,2,1,3,4,4,2,3,2,2,3,4,2,4,5,4,4,3,2,2,3,2,3,2,2,3,1,3,2,3,4,1,1,37,1
4,3,3,5,3,3,4,4,3,2,3,3,4,4,5,3,2,4,4,2,4,5,4,5,4,4,3,4,2,3,5,0,3,3,3,3,4,3,3,3,37,2
3,4,4,5,4,4,3,3,1,1,4,4,2,4,4,2,2,2,3,2,4,4,5,4,4,3,3,4,1,3,4,4,2,2,2,2,4,4,2,1,35,1
4,4,4,4,4,4,1,1,1,2,5,5,5,5,4,1,1,1,1,1,5,5,5,4,3,3,3,4,1,1,3,3,1,3,1,3,3,3,5,4,60,2
3,2,1,2,2,3,4,2,2,3,2,1,2,3,2,4,4,4,5,3,1,4,4,4,4,5,3,4,2,4,1,1,3,2,4,1,3,2,2,1,43,2
2,4,3,4,3,4,2,2,2,3,2,2,2,2,2,4,2,4,4,4,2,4,2,2,4,4,4,4,2,4,4,4,2,2,2,2,2,4,3,3,44,2
5,5,5,4,3,3,3,2,2,1,4,5,5,5,4,1,2,2,1,1,3,4,5,4,3,3,3,4,3,3,3,4,3,5,3,5,5,5,4,3,39,1
4,4,4,4,5,3,3,3,1,1,5,3,3,3,4,2,2,1,2,2,5,5,4,4,3,2,2,2,2,2,3,2,4,3,4,2,4,4,2,1,28,2
4,4,4,4,4,4,3,2,1,1,4,5,2,4,4,1,2,2,1,1,4,5,5,4,2,4,2,4,1,2,4,3,4,3,4,4,3,3,3,2,34,2
5,4,4,5,4,4,2,2,4,2,5,2,4,5,5,4,1,1,4,1,4,5,5,5,2,2,2,3,3,1,2,2,5,2,2,4,5,5,1,3,31,1
4,3,4,4,4,4,2,3,4,3,5,4,4,4,4,1,1,2,2,2,4,4,4,2,2,2,3,2,2,2,4,4,4,3,3,2,3,2,3,3,36,2
4,2,1,2,3,2,4,4,3,4,2,1,1,4,1,5,4,3,5,4,4,4,4,3,4,4,4,4,4,3,3,2,3,2,3,2,3,2,2,1,32,1
2,2,3,2,2,3,3,3,4,2,4,4,3,2,2,2,3,2,3,2,5,5,5,5,3,3,3,3,3,2,3,4,3,3,3,3,3,4,3,2,24,2
3,4,4,4,4,3,4,4,2,2,5,4,3,4,3,4,3,3,4,1,5,5,5,5,4,3,1,4,1,3,4,4,4,4,4,3,2,4,3,3,27,2
5,5,5,5,5,5,1,1,1,1,5,5,5,5,5,1,1,1,1,1,5,5,5,0,1,1,1,3,1,1,5,5,5,5,5,5,5,5,5,5,43,2
4,4,4,4,4,4,2,3,2,5,5,5,5,5,4,4,2,2,2,5,5,4,4,4,4,3,2,4,2,3,4,4,4,4,4,3,2,2,2,4,46,1
5,4,2,5,3,4,1,2,2,1,5,5,5,5,5,1,1,1,1,1,5,5,5,5,1,1,1,1,1,1,3,2,2,1,3,5,2,5,0,0,65,1
4,3,3,3,3,3,4,3,2,2,3,3,3,4,3,3,3,2,2,3,4,5,5,5,3,1,1,2,1,3,3,2,3,3,3,2,2,3,2,2,24,2
5,4,3,4,2,3,2,1,1,3,5,5,5,5,4,1,1,1,1,2,2,5,3,4,3,2,2,2,4,3,5,5,5,3,4,4,2,3,2,1,29,2
3,2,3,1,2,1,4,4,2,1,3,0,2,3,2,4,2,2,3,4,3,3,5,4,3,3,3,4,3,4,4,4,3,3,2,3,2,1,3,3,21,1
2,1,2,2,2,2,3,4,4,2,4,3,4,3,2,3,4,3,4,3,4,5,5,4,4,2,2,3,2,3,3,3,3,3,2,3,4,4,2,1,23,2
4,3,3,3,3,3,3,2,1,1,4,4,3,4,3,1,3,3,2,2,4,5,5,5,3,3,2,3,1,2,4,4,4,3,4,3,4,4,3,2,45,2
5,4,5,4,5,5,1,2,1,1,5,5,5,5,4,1,1,1,1,1,4,4,5,5,1,1,1,1,3,2,5,4,4,4,4,4,4,4,4,4,64,1
4,3,2,4,3,2,2,1,2,2,4,1,1,4,3,5,2,2,4,1,4,5,5,5,2,1,1,2,1,1,3,1,4,3,4,2,4,4,3,2,52,2
4,4,4,5,4,4,2,2,1,1,4,1,2,4,4,5,1,1,4,2,5,5,5,5,2,1,1,2,2,2,2,2,5,2,2,2,4,4,2,1,50,2
4,4,4,4,3,4,2,2,2,1,5,4,4,4,4,2,2,2,2,2,4,4,4,4,2,1,1,1,1,3,4,4,4,2,3,4,3,3,2,2,23,1
4,5,4,3,4,4,2,3,1,1,4,3,3,3,4,4,3,2,4,2,3,3,2,2,2,2,2,4,3,2,1,2,4,3,4,4,4,3,3,2,45,2
5,5,4,5,4,4,2,2,1,1,5,5,3,4,5,1,1,1,1,1,4,3,4,3,3,3,3,4,2,1,5,5,5,5,5,5,5,5,5,5,18,1
4,4,4,4,3,4,2,3,5,1,3,4,1,4,2,2,2,4,3,3,2,1,5,4,2,3,2,4,3,4,5,4,5,4,5,3,3,4,4,4,23,1
4,4,4,5,4,4,3,4,1,2,3,3,4,4,4,2,2,3,3,2,4,4,5,5,2,2,2,3,2,2,4,4,4,2,3,2,4,4,2,3,62,1
5,5,4,4,4,3,4,4,4,5,5,3,5,5,5,3,2,1,3,1,5,3,3,5,1,3,3,4,3,2,5,5,5,5,5,4,3,4,4,5,48,1
5,3,4,4,5,5,4,3,1,1,4,3,3,5,3,3,4,3,4,1,4,4,4,4,1,1,1,1,1,1,2,2,4,3,5,3,5,3,3,3,27,1
3,3,3,3,3,3,2,3,1,1,1,1,2,2,2,4,4,4,5,3,3,4,5,4,3,2,2,3,2,2,4,4,4,3,5,4,5,3,3,3,22,2
5,5,4,5,4,5,2,1,1,2,4,4,4,5,3,1,2,1,2,1,2,5,5,5,4,2,2,4,1,4,4,5,3,4,5,5,5,4,4,2,27,1
4,5,5,4,4,4,1,2,1,2,4,5,4,3,3,1,2,2,1,1,4,4,5,5,2,2,2,2,4,2,3,4,4,4,4,4,4,4,4,4,35,1
2,4,3,3,2,3,0,4,2,3,4,3,2,2,2,4,4,3,3,2,2,4,4,2,5,4,2,4,2,4,4,4,4,3,4,2,4,3,2,2,31,1
3,3,3,2,4,3,2,3,1,2,4,2,1,3,2,4,4,2,4,1,4,5,5,5,4,2,2,3,3,3,2,2,2,2,2,2,2,4,3,1,35,2
4,5,4,4,5,4,2,4,1,1,5,3,2,4,4,3,2,2,4,2,5,5,5,5,3,2,1,3,2,2,4,4,2,2,3,2,2,4,2,1,47,2
2,4,4,3,4,4,4,4,4,2,3,2,3,2,2,4,3,2,4,0,4,4,2,4,2,2,2,2,2,2,2,2,2,2,2,2,2,3,2,2,21,1
4,3,2,5,5,4,1,4,1,1,2,3,4,4,5,3,1,2,2,2,4,4,5,5,2,1,2,3,2,3,3,2,3,2,3,4,3,3,2,3,29,1
4,3,3,2,0,2,3,3,4,3,3,4,4,4,3,2,2,3,4,3,3,3,3,2,5,4,2,3,2,3,2,2,3,3,4,3,3,3,4,2,41,1
4,4,4,4,3,4,2,4,2,2,4,5,3,4,3,2,2,2,2,2,4,4,4,4,3,2,2,3,2,2,4,4,2,2,2,3,4,3,4,2,41,1
2,3,3,2,2,2,4,3,3,2,3,2,2,2,3,3,5,5,5,5,2,1,5,5,5,5,5,3,2,5,5,5,5,2,3,2,4,4,2,4,26,1
4,4,3,3,2,3,2,2,1,2,5,3,2,4,3,2,1,1,1,1,2,5,5,5,4,3,2,2,5,3,2,3,4,3,5,2,4,4,3,2,33,2
4,5,4,5,2,4,3,3,4,2,3,4,3,4,4,2,2,3,3,3,3,4,3,3,2,2,4,3,3,2,2,4,4,4,4,2,2,2,2,3,49,1
4,4,4,4,4,4,2,3,4,2,2,4,1,3,2,2,2,4,5,4,4,5,5,4,4,2,2,3,2,2,4,4,3,4,4,3,4,4,3,3,46,1
2,5,5,4,4,5,2,2,3,2,1,1,1,2,2,5,4,4,4,2,4,4,2,2,4,4,4,4,2,4,3,3,4,4,4,4,4,4,4,4,40,1
4,5,4,5,4,3,3,2,1,1,4,4,5,4,5,2,1,2,2,2,4,4,5,4,4,2,2,4,4,4,5,5,3,1,3,4,4,4,4,1,32,1
3,2,2,4,2,2,3,3,2,2,5,4,4,4,4,2,2,1,2,2,4,5,5,3,4,2,2,4,2,2,3,2,4,2,2,2,3,4,2,2,23,2
4,3,3,2,2,3,4,4,1,3,3,2,1,4,2,4,4,2,4,4,2,2,4,4,5,4,2,4,2,4,4,3,2,3,2,1,3,3,2,2,32,2
5,5,4,4,4,4,2,2,2,2,4,4,4,4,4,2,2,2,2,2,2,4,4,4,5,4,2,4,1,3,4,4,4,3,4,2,4,4,2,3,24,2
4,5,3,4,3,0,2,2,1,1,5,5,4,4,4,1,1,1,1,2,4,5,4,3,0,3,3,4,2,3,3,3,3,3,3,4,3,2,2,3,34,1
4,3,2,2,4,5,3,3,1,2,4,2,4,4,3,2,2,1,2,2,5,4,4,4,2,2,2,1,1,2,4,4,4,3,4,2,2,5,3,3,27,2
4,5,3,4,4,4,2,1,2,1,5,4,5,4,4,2,1,2,4,1,3,4,5,4,2,2,2,4,5,1,4,3,4,5,3,3,3,5,2,2,25,1
2,5,5,2,2,5,1,3,4,1,1,4,4,2,3,3,5,4,3,2,1,4,4,2,4,5,2,3,1,2,2,3,5,4,5,2,5,5,5,5,34,1
5,4,2,3,3,3,2,2,1,1,2,3,2,4,3,3,2,2,4,2,3,4,5,4,3,3,3,4,1,3,4,4,4,5,4,3,4,3,2,2,31,1
4,4,4,5,2,5,4,1,2,2,4,3,2,4,4,3,2,1,3,1,4,5,5,5,4,5,4,4,2,2,4,5,4,4,4,3,3,5,2,2,22,2
2,2,2,4,2,3,5,4,4,3,1,2,2,2,2,4,4,4,4,2,5,5,5,5,2,2,2,1,3,2,5,4,5,4,4,4,4,5,3,3,25,1
4,2,2,3,4,2,3,2,2,2,4,4,4,4,2,2,4,2,3,2,4,4,3,3,4,4,4,4,4,4,2,2,2,2,2,2,3,2,2,2,39,2
4,2,2,3,2,2,3,3,2,2,4,2,2,4,3,4,2,2,3,2,2,4,5,4,4,5,3,4,4,3,2,2,2,2,3,3,3,3,1,1,52,2
4,4,4,4,4,4,3,3,4,3,5,4,2,4,4,2,2,4,2,2,3,3,5,3,5,5,5,5,4,5,4,4,4,3,2,4,4,4,3,3,27,2
5,5,5,4,5,5,2,2,1,1,3,2,5,5,3,1,3,3,4,2,5,5,5,5,2,1,1,4,1,2,4,4,5,5,4,4,4,4,3,3,50,2
4,3,4,4,3,3,2,2,3,1,3,5,5,4,4,1,1,2,2,3,4,4,5,4,2,1,2,2,2,1,4,4,3,3,3,2,2,4,1,2,34,1
2,4,4,3,3,4,4,5,4,2,4,3,2,2,2,3,4,4,3,4,2,2,5,4,4,4,3,4,4,4,2,3,4,3,4,4,2,4,4,3,33,1
5,4,4,5,4,4,2,3,2,3,5,5,5,5,5,1,1,1,1,1,5,5,5,4,2,5,5,3,1,2,4,4,4,4,5,5,2,3,4,2,29,1
2,3,3,5,3,5,3,2,2,1,1,2,3,2,5,4,1,4,4,4,2,2,4,3,5,3,3,4,5,3,5,5,5,4,4,4,5,5,5,5,21,1
4,2,2,2,2,2,4,4,2,2,2,2,1,4,2,2,3,4,4,2,2,4,4,2,4,2,2,4,2,4,2,1,2,3,4,2,1,4,2,1,40,2
5,3,3,5,3,3,4,4,3,4,1,1,1,5,2,5,4,5,5,4,2,4,4,3,4,4,4,4,4,4,1,1,2,2,2,2,5,4,3,2,50,1
5,5,4,4,4,4,2,2,1,1,3,5,5,5,4,2,2,3,2,2,4,4,5,5,3,3,2,3,3,4,5,5,5,4,5,5,5,5,5,4,49,1
4,4,3,4,4,4,3,2,1,1,4,4,3,3,4,2,2,1,3,3,4,5,5,4,3,2,2,3,2,2,5,4,4,3,4,3,4,3,3,2,29,2
5,5,5,5,5,5,2,2,1,1,5,5,4,5,5,1,1,1,1,1,5,5,5,5,2,2,1,1,1,1,5,5,3,3,4,4,4,5,3,4,21,2
4,3,4,4,3,3,4,4,1,1,4,4,3,3,4,2,2,2,4,2,5,5,5,5,4,1,1,4,1,1,4,4,4,3,4,3,4,4,3,2,28,1
4,4,4,2,4,5,2,3,1,1,4,1,4,4,2,5,4,3,4,1,4,5,5,4,3,2,2,2,2,2,4,4,4,3,5,4,4,4,2,2,26,2
2,2,2,2,2,4,4,4,4,4,2,2,2,2,2,3,4,4,4,4,2,4,4,3,4,2,2,4,2,2,2,2,2,2,2,2,3,4,2,2,24,1
4,5,4,4,4,4,2,2,1,2,4,4,2,4,4,4,2,1,4,2,2,5,4,4,2,2,2,4,1,2,2,2,2,2,2,2,4,2,2,2,32,2
3,3,2,3,3,3,4,4,2,3,4,4,2,3,3,3,4,2,4,2,4,5,5,5,4,2,2,4,1,4,3,4,3,4,4,4,4,3,3,3,28,1
3,4,4,4,3,4,2,2,5,2,3,3,2,3,3,2,2,3,3,3,3,4,4,3,4,2,2,2,2,2,4,4,4,4,4,4,4,4,2,4,28,2
1,2,2,4,3,3,3,4,2,3,2,1,1,1,4,4,2,4,4,3,2,4,3,4,4,3,3,4,3,4,3,3,4,4,4,3,2,2,3,3,20,2
4,2,2,4,2,2,4,4,2,1,2,2,2,4,2,4,2,4,4,1,2,2,5,4,4,4,4,4,4,4,5,5,4,4,4,3,4,4,3,4,34,1
5,5,5,4,5,5,1,1,1,1,4,4,5,5,4,2,2,2,2,1,3,4,5,5,2,1,1,1,1,1,5,5,5,3,3,3,4,4,4,2,30,2
2,2,1,4,1,3,3,3,1,1,2,1,1,4,3,5,2,4,4,3,2,4,4,2,4,5,4,4,3,2,2,2,4,2,2,2,4,4,3,1,35,1
4,5,4,4,4,4,2,3,1,1,3,4,4,4,4,2,2,3,4,2,3,2,2,4,4,3,3,4,3,2,5,5,3,4,3,4,3,2,3,4,51,1
2,2,1,2,2,2,4,4,3,4,2,5,1,2,2,4,3,4,4,4,3,4,2,3,4,2,2,3,2,4,3,3,3,2,3,1,3,3,2,1,27,1
4,5,4,4,4,4,2,2,2,2,3,4,4,4,3,2,2,3,2,2,5,4,4,4,2,1,1,2,1,1,4,4,4,2,3,4,3,4,2,2,20,1
4,2,2,4,3,2,2,2,2,2,4,3,3,3,4,2,2,2,2,2,3,4,4,4,2,2,2,2,2,3,4,3,2,2,2,3,4,4,2,3,32,1
5,4,3,4,3,2,1,2,1,2,5,2,5,5,5,4,4,2,1,1,4,4,5,4,2,2,2,2,1,3,1,1,2,2,2,1,3,4,3,0,63,2
4,5,3,3,4,4,2,2,2,1,5,2,4,4,4,2,2,2,4,2,5,5,5,5,2,1,2,3,1,3,2,2,4,4,4,4,4,4,2,2,31,1
5,4,3,4,4,5,1,3,1,1,4,3,1,5,3,1,1,2,3,1,3,5,5,4,3,1,1,3,1,3,1,1,4,4,3,3,5,5,3,4,33,1
4,4,3,4,3,5,2,2,3,1,5,4,2,4,4,1,1,1,1,2,5,5,5,5,1,1,1,1,1,1,4,5,2,3,1,3,4,4,2,2,50,2
4,4,4,4,3,5,1,2,1,1,5,4,4,4,3,1,2,1,2,2,5,5,5,5,1,1,1,1,1,1,5,5,2,3,1,2,5,5,2,2,52,2
5,5,4,4,4,5,2,2,1,3,4,4,4,5,4,2,2,2,2,1,1,4,4,4,5,4,2,5,5,5,3,3,4,4,4,4,4,3,3,3,26,2
4,4,3,4,3,4,3,3,2,4,4,4,1,4,2,2,4,2,4,4,5,4,5,5,3,2,2,4,1,2,5,5,5,4,4,4,5,5,4,3,25,1
5,4,4,4,4,5,3,2,1,4,4,4,5,5,4,1,1,1,1,1,2,5,4,4,2,4,3,4,1,2,4,4,4,4,4,4,4,4,4,3,40,1
5,5,5,4,4,4,2,3,1,1,5,4,4,4,3,2,2,2,2,2,3,5,5,5,2,2,2,3,1,1,5,5,4,3,3,3,4,4,3,3,39,1
4,3,3,4,4,4,1,1,1,1,2,3,4,4,4,3,2,4,3,2,4,5,5,5,3,2,2,4,2,4,4,4,3,4,4,4,4,4,3,3,20,2
3,2,2,4,3,4,3,3,2,2,4,4,4,4,3,2,2,2,2,2,3,4,4,4,4,2,2,2,2,2,4,4,3,2,4,3,4,3,2,2,29,1
4,5,4,4,4,4,2,2,1,2,4,3,3,4,4,2,1,2,3,2,3,4,3,2,4,4,4,4,2,2,5,4,3,3,3,2,5,4,4,4,33,2
4,4,3,4,3,3,3,3,2,2,0,2,2,4,4,2,2,4,4,2,0,4,3,4,3,2,2,4,2,4,2,4,3,2,2,2,3,0,2,2,39,1
4,3,2,2,2,2,4,3,4,3,2,3,5,3,2,3,4,4,4,3,3,3,4,2,4,4,4,4,4,4,3,3,4,4,2,3,3,3,3,2,24,1
5,3,3,4,3,3,3,3,3,2,2,5,3,5,3,3,3,2,2,2,3,3,4,3,3,3,3,3,2,3,4,4,4,3,3,3,3,4,3,3,26,1
4,4,4,3,3,3,2,2,2,2,3,3,3,4,3,3,2,2,3,2,4,5,5,4,1,1,1,1,1,1,2,2,2,3,3,2,4,4,1,2,49,1
3,5,4,4,3,4,3,4,3,1,4,2,3,3,4,4,2,3,4,3,5,5,5,5,2,4,2,4,3,2,4,4,4,4,4,2,4,2,2,3,28,1
3,3,3,3,3,4,4,4,3,3,4,3,3,3,3,3,3,3,3,4,2,4,3,3,3,3,3,2,3,3,3,4,3,3,4,3,5,5,3,3,29,1
4,5,5,4,4,4,2,3,1,2,5,4,3,4,4,3,2,2,3,2,3,4,4,4,2,4,4,3,2,3,4,4,4,3,4,2,4,4,3,3,23,1
4,4,4,5,5,4,2,3,1,1,3,4,4,4,5,1,1,3,1,2,4,5,5,5,3,1,1,3,1,2,5,5,5,5,5,2,4,4,3,4,34,1
4,4,2,4,3,4,4,4,2,1,5,4,4,4,4,2,2,1,2,2,3,4,4,4,2,2,2,4,2,2,1,1,4,2,2,2,4,4,2,1,36,1
3,4,3,3,5,5,1,3,1,1,4,3,3,2,2,4,2,4,4,4,3,4,4,4,3,3,2,4,1,4,5,5,2,2,2,2,4,4,1,2,52,2
5,5,1,5,5,5,1,1,1,1,5,5,5,5,5,1,1,1,1,1,5,5,5,5,1,1,1,1,1,1,1,1,1,1,5,1,5,5,5,1,24,1
3,3,3,3,2,2,2,3,2,3,2,4,4,3,3,2,2,2,4,4,2,2,5,4,2,4,3,4,1,2,2,2,2,2,2,2,3,4,2,2,37,1
4,4,2,4,2,3,4,2,1,2,4,4,2,4,3,2,3,2,2,4,4,4,4,4,4,2,2,2,2,2,2,3,4,2,4,4,4,4,2,2,29,1
4,4,2,4,4,4,4,4,1,2,2,2,1,4,3,4,2,4,4,4,2,5,4,4,4,2,2,2,2,1,1,1,4,1,4,2,3,4,1,1,29,1
5,4,3,2,3,4,1,2,2,5,4,2,2,3,2,3,3,3,3,2,5,4,4,5,2,2,1,4,4,2,3,3,4,4,4,3,4,4,3,2,28,1
1,2,2,2,3,5,2,2,5,2,4,1,5,1,4,5,2,2,5,4,1,3,4,2,5,4,4,4,2,3,2,2,2,2,2,2,2,2,2,1,39,2
5,5,4,4,4,4,2,2,1,1,4,4,4,5,4,2,2,2,2,1,3,4,4,4,3,2,1,2,1,2,4,4,4,3,3,4,4,4,3,3,32,1
2,4,3,3,2,2,4,4,2,2,4,2,2,2,2,4,2,2,3,4,5,5,4,4,2,1,1,4,4,2,4,5,3,3,2,4,5,4,4,2,26,1
4,5,4,4,4,4,4,3,2,2,4,3,4,4,4,3,1,2,4,2,4,5,5,5,3,3,2,4,2,2,5,5,3,4,2,2,4,3,4,2,38,2
5,4,4,3,4,4,3,3,3,1,4,3,2,4,3,4,2,1,3,1,3,3,4,4,3,2,1,3,2,3,4,4,4,3,5,5,4,4,3,3,29,2
4,5,5,4,4,4,3,4,1,4,4,4,4,4,4,3,2,2,3,3,3,4,5,5,3,3,3,3,3,3,5,3,2,2,2,2,4,3,3,1,29,1
5,5,3,4,5,4,1,1,1,1,5,5,4,5,5,3,1,1,3,1,5,5,5,5,1,1,1,3,1,1,5,5,1,5,5,4,5,5,5,5,17,3
5,4,4,4,4,4,3,3,1,1,5,2,4,5,4,3,2,2,3,2,3,4,2,4,3,3,3,3,2,2,3,2,3,2,3,2,3,3,3,3,45,2
5,2,4,4,4,3,2,3,1,1,5,5,4,5,4,1,1,1,1,1,4,4,4,4,1,1,1,1,1,2,1,1,3,3,4,3,5,4,1,1,20,2
4,4,3,4,3,2,2,3,1,2,2,1,1,3,3,5,3,4,3,3,4,4,5,3,3,3,3,3,4,3,4,4,4,2,3,2,2,4,3,2,16,2
4,4,3,4,3,3,2,2,1,1,5,5,2,4,3,1,2,2,1,1,3,5,5,5,4,1,2,2,2,2,3,3,3,3,3,3,4,2,2,2,19,1
5,4,4,3,3,5,1,1,1,1,3,2,3,5,4,5,2,3,4,2,5,5,5,5,2,4,3,2,3,2,3,1,3,2,3,2,4,3,2,1,37,1
5,5,5,5,5,5,1,1,2,1,5,5,5,5,5,1,1,1,1,1,5,5,5,5,1,1,1,2,5,1,5,5,4,5,4,5,5,5,4,5,14,1
5,4,3,4,2,4,2,3,1,2,4,4,3,5,4,2,2,2,2,1,5,3,5,5,1,2,2,2,1,3,2,2,5,3,5,4,2,5,2,2,25,1
2,2,2,2,2,2,4,4,1,1,2,2,2,2,2,2,4,4,4,4,1,5,5,5,1,1,1,1,1,1,5,5,2,1,2,2,2,2,1,1,30,1
5,4,3,4,3,3,2,2,1,1,4,5,4,4,4,2,2,3,2,3,2,5,2,2,4,4,3,5,2,2,5,5,5,4,4,4,5,5,5,5,45,1
5,4,4,4,4,4,2,2,1,1,4,3,4,5,4,3,2,2,3,2,5,5,5,5,2,1,1,3,2,4,0,4,4,2,5,3,4,4,4,4,44,1
2,2,2,2,2,2,2,4,4,3,1,2,2,2,2,4,5,5,5,5,4,4,5,5,5,5,5,4,5,5,3,2,2,2,2,4,2,1,2,2,31,1
2,2,2,2,2,2,4,4,4,2,1,2,3,2,2,4,4,4,4,4,4,4,4,4,4,4,4,4,4,4,2,2,2,2,2,2,2,2,2,2,31,1
4,3,4,5,3,4,3,3,1,1,5,5,4,5,5,1,1,1,1,1,5,5,5,5,2,1,1,3,1,1,5,5,5,5,5,5,4,5,2,2,36,1
5,5,5,5,5,5,1,1,1,1,2,4,2,4,1,2,4,3,2,5,4,5,5,5,2,1,1,4,1,1,4,5,5,5,5,3,5,5,5,5,22,2
3,3,3,3,2,3,3,3,2,3,3,3,2,4,3,3,2,3,3,3,2,3,4,3,4,3,3,3,3,3,3,2,3,2,2,2,3,3,2,3,44,1
3,4,3,3,5,3,3,2,2,1,3,2,3,3,2,3,4,3,2,4,5,5,5,5,4,2,1,3,1,4,4,4,4,4,5,3,4,5,4,4,35,2
3,1,3,4,3,2,3,3,4,2,2,2,2,2,2,4,4,4,4,2,3,4,4,2,4,2,2,3,2,2,1,1,4,3,3,2,4,4,3,3,49,1
5,5,5,4,4,5,2,2,5,2,5,4,5,5,5,2,1,2,2,2,4,4,4,4,3,2,2,4,2,2,4,4,2,3,2,2,4,4,2,2,36,2
4,4,4,4,3,4,2,2,4,1,5,4,3,4,3,2,2,1,1,2,3,5,4,5,2,2,2,2,2,2,4,3,3,2,4,4,4,4,4,3,35,1
3,3,2,2,4,2,3,3,1,2,3,2,2,2,2,4,4,3,4,2,4,4,4,3,2,1,1,2,4,1,5,4,3,2,4,2,4,5,3,2,30,1
1,2,2,1,2,1,4,4,1,2,2,2,1,1,1,4,5,5,4,5,3,2,5,2,4,4,3,3,2,0,3,4,5,2,2,2,4,5,3,1,25,1
5,4,4,4,3,3,1,2,2,2,4,4,4,4,4,2,2,2,2,2,5,5,5,5,3,3,2,3,2,2,4,4,4,3,4,4,4,4,3,2,39,2
5,5,5,5,5,5,1,1,5,1,5,4,2,5,4,2,2,1,2,1,5,5,5,5,1,1,1,1,1,1,1,1,4,4,4,2,1,3,1,1,66,1
2,4,4,2,4,4,2,2,1,1,2,2,2,2,3,4,3,4,4,4,4,4,4,4,4,2,2,2,2,2,3,4,4,2,4,2,4,4,2,4,26,2
4,4,4,4,3,4,3,3,1,1,4,4,4,4,4,2,2,2,2,2,4,4,4,4,3,2,2,2,4,2,2,2,3,3,3,4,4,4,2,2,44,2
4,4,3,4,4,3,2,2,1,2,4,4,4,4,4,2,2,2,2,2,3,4,4,4,3,2,2,2,2,3,3,4,3,2,3,3,2,4,3,3,40,1
5,5,5,4,4,4,1,2,1,1,5,3,2,5,5,3,1,2,3,2,5,3,5,5,2,1,1,4,1,2,1,4,3,3,3,4,5,5,3,3,33,1
5,4,3,4,4,3,3,2,1,1,3,2,2,4,4,4,2,3,4,3,4,4,4,4,2,2,2,2,2,2,2,2,3,2,2,2,4,4,3,2,32,1
4,3,3,4,3,3,3,3,3,1,3,2,5,4,4,3,2,4,3,2,4,5,5,4,4,3,1,2,1,2,3,4,4,3,4,4,4,5,3,4,29,2
5,5,5,5,5,5,2,2,2,2,5,5,5,5,5,1,1,1,1,2,4,4,5,3,5,4,4,4,2,3,4,4,5,5,5,4,4,4,4,3,39,1
3,3,2,3,3,3,3,3,3,2,3,4,3,3,3,2,3,3,3,2,4,4,4,3,3,3,3,3,2,3,4,3,3,3,3,3,3,3,3,3,54,1
4,4,3,4,2,3,3,2,2,1,4,5,5,4,4,2,2,2,2,2,3,5,3,4,2,2,2,4,1,1,4,4,3,2,2,4,4,3,1,2,32,1
2,3,4,3,5,4,2,3,1,1,4,4,3,3,3,2,2,2,3,1,5,5,5,5,1,2,2,2,1,1,5,5,5,3,4,2,2,4,3,4,28,1
3,5,5,3,4,4,3,2,2,2,3,5,4,3,3,1,1,2,2,2,4,1,4,4,2,2,1,3,2,2,4,4,4,4,4,3,4,5,3,3,29,1
3,4,2,4,2,3,4,3,2,1,2,4,2,3,2,3,3,4,4,3,2,4,4,4,4,3,2,4,1,4,4,4,4,4,3,4,5,4,4,4,26,1
4,3,3,4,2,3,3,2,2,2,2,2,3,4,0,3,2,4,3,2,4,4,4,4,2,2,2,3,1,2,4,4,4,2,3,2,4,4,2,1,41,1
4,4,4,4,3,4,3,4,2,1,4,3,3,4,4,2,2,2,3,3,5,5,5,4,2,2,2,2,2,2,3,3,3,2,4,3,4,4,3,3,32,1
4,2,2,4,2,2,4,4,3,4,4,1,3,4,5,4,2,1,4,2,4,4,4,3,4,3,4,3,1,1,3,3,2,2,2,2,2,4,2,2,25,2
5,1,1,4,2,2,4,4,4,3,4,2,2,5,5,4,2,4,5,1,4,5,3,3,4,4,4,2,1,2,2,2,2,2,2,2,2,4,2,2,25,2
4,4,4,4,3,3,3,2,2,3,4,3,3,4,4,3,2,3,3,3,4,4,4,3,4,4,3,4,1,3,3,3,5,4,4,3,4,4,3,4,47,1
2,2,2,3,3,3,4,4,3,1,3,2,2,2,2,4,3,4,4,3,4,5,5,4,3,2,2,3,1,3,1,1,1,1,2,1,4,4,2,2,49,1
2,1,2,4,2,3,4,4,4,2,3,1,4,2,2,5,2,2,4,4,4,4,4,4,4,4,2,2,1,2,2,2,2,2,2,1,2,2,1,1,31,1
4,4,4,3,4,3,2,3,1,2,3,2,4,4,3,3,3,3,3,2,2,5,5,5,4,3,2,4,2,1,4,4,4,4,4,3,4,4,4,4,36,1
5,5,5,5,5,5,1,1,1,1,5,5,5,5,5,1,0,3,3,3,5,5,5,5,4,2,2,3,2,2,3,3,4,4,4,3,4,4,3,3,25,1
5,5,5,3,5,5,1,3,1,5,3,3,1,1,1,3,5,3,4,5,1,1,3,1,4,3,3,3,5,3,5,3,4,3,5,3,5,4,3,4,30,2
3,3,3,2,2,2,3,2,3,2,2,3,4,3,4,4,2,4,4,3,2,2,4,4,3,3,2,3,2,4,3,3,4,2,2,3,2,2,2,2,26,1
5,5,5,3,5,5,1,1,1,1,3,5,4,5,3,1,3,3,3,2,4,5,5,5,1,1,1,1,1,1,5,5,5,5,3,5,5,5,5,5,24,1
4,4,4,3,5,3,4,3,5,1,5,5,4,4,2,1,4,2,2,1,4,4,4,5,4,3,3,2,2,2,4,4,2,3,2,2,2,2,2,1,23,1
4,3,2,2,4,3,3,4,4,2,4,2,4,2,3,3,4,3,4,3,4,4,4,3,3,3,3,4,2,4,2,3,4,3,3,2,3,3,3,3,35,1
3,4,3,4,3,3,3,3,2,1,4,3,3,3,4,3,2,3,2,2,3,4,4,4,2,2,2,4,3,3,4,4,4,4,4,3,4,4,3,3,48,1
3,4,3,3,2,3,1,1,1,3,3,2,1,1,2,4,2,5,5,3,2,2,2,3,3,4,0,4,3,4,5,4,2,2,2,2,0,2,2,2,51,2
5,3,3,4,4,3,2,4,2,1,4,5,5,5,4,1,2,3,2,1,3,3,4,4,4,2,1,4,2,1,2,2,2,2,2,5,4,4,2,2,28,1
5,5,5,4,4,4,3,3,3,3,3,3,3,3,3,2,2,2,2,2,2,2,2,2,2,2,2,2,2,2,2,2,2,2,2,2,2,2,2,1,27,1
4,5,4,3,4,5,2,2,3,5,4,4,4,3,3,1,3,2,2,1,5,5,5,5,3,2,2,2,2,2,3,4,4,4,3,5,4,4,3,3,27,2
5,4,2,1,5,3,2,2,1,5,5,4,3,4,4,1,4,2,3,1,5,5,5,5,2,2,2,3,2,2,2,2,4,4,4,2,5,5,5,1,48,1
2,3,4,4,4,4,3,4,1,1,5,4,4,4,4,3,2,1,3,3,5,5,5,5,2,2,2,2,1,2,1,1,3,4,4,3,3,4,1,1,31,2
3,4,3,4,4,4,3,3,1,1,3,3,2,3,3,3,3,3,3,2,3,4,5,4,2,3,2,3,3,2,3,3,3,3,3,3,4,3,3,3,33,2
3,2,2,3,2,2,4,4,1,2,4,3,2,3,3,2,3,2,2,4,4,4,4,4,2,2,2,3,1,4,4,4,4,2,4,2,4,4,2,2,28,2
4,3,3,4,3,4,4,4,1,1,4,3,3,4,4,2,2,1,4,2,3,5,5,4,4,3,2,3,1,2,2,3,3,2,2,3,3,3,3,1,28,2
3,2,2,4,4,3,5,3,5,2,5,5,5,3,4,1,2,1,1,2,4,5,5,4,3,3,3,3,1,3,4,4,2,2,3,2,4,3,3,1,32,2
2,4,4,3,3,5,2,2,1,2,4,2,3,2,3,4,3,2,4,3,4,4,3,4,3,2,3,4,1,2,3,2,5,3,2,2,3,2,3,1,40,1
3,4,5,3,2,5,3,3,1,1,4,2,3,0,4,3,2,2,4,4,4,5,5,5,1,1,1,4,5,1,5,4,5,4,5,1,4,3,4,4,36,2
5,4,3,4,4,4,2,2,1,1,4,4,4,4,4,2,2,1,2,2,4,4,5,4,3,2,2,2,2,2,3,3,4,4,4,4,4,4,2,3,44,1
2,4,4,3,4,5,2,2,2,2,4,2,1,2,3,4,2,3,4,4,4,4,5,5,3,2,3,2,4,2,4,4,4,3,4,2,3,4,4,3,35,2
3,3,2,4,2,2,4,2,4,2,3,3,2,3,3,2,2,3,2,2,2,4,4,3,2,2,2,2,1,2,1,2,4,2,2,2,4,4,2,2,48,1
4,4,2,5,2,4,4,4,2,1,4,2,2,4,5,2,2,2,4,5,4,4,4,2,5,4,4,4,2,4,4,4,4,4,4,4,4,4,2,4,45,1
3,3,3,4,4,3,4,2,1,2,3,3,3,2,2,2,2,2,2,2,4,4,4,4,2,2,2,2,2,2,4,4,4,2,4,2,4,4,3,2,32,1
5,4,3,2,2,3,4,4,2,1,4,1,1,5,3,5,4,3,5,2,2,5,4,4,2,2,2,3,2,1,4,4,4,2,2,1,4,5,2,1,19,2
5,4,4,4,4,4,2,2,4,2,4,5,3,4,4,2,2,3,2,2,2,4,4,4,5,3,3,5,3,4,3,5,4,3,4,4,4,4,4,4,23,2
4,4,5,4,5,4,3,4,2,1,5,5,5,4,5,2,1,2,2,2,4,5,5,5,2,1,2,3,2,3,3,4,4,4,5,3,5,5,4,4,32,1
4,4,2,4,3,4,3,3,2,1,3,5,4,4,3,2,3,4,3,2,2,3,4,4,3,3,4,4,4,4,3,3,5,2,4,4,4,3,1,2,33,1
5,5,4,4,4,4,3,3,2,2,5,4,4,4,4,3,2,1,4,2,2,5,5,5,3,2,2,4,4,1,3,4,4,3,4,4,4,4,4,4,38,1
2,3,2,2,2,3,3,2,2,4,2,3,2,2,3,2,3,4,4,4,2,5,4,2,4,3,3,4,2,4,4,4,4,3,5,3,3,3,4,3,39,1
4,4,3,4,4,3,2,1,1,1,3,3,3,3,4,3,2,2,2,1,5,5,5,5,1,1,1,1,1,1,5,4,5,4,4,3,5,4,3,2,41,1
2,2,1,1,1,1,4,4,4,2,2,2,2,2,2,4,4,4,4,5,2,4,4,4,2,2,2,2,1,1,4,5,2,1,1,1,1,2,1,1,30,1
5,4,4,3,4,5,3,4,1,2,5,4,3,5,3,2,2,1,2,2,3,4,4,4,3,2,2,3,3,2,5,4,4,3,4,3,4,4,3,3,38,2
5,5,5,4,4,4,2,3,5,5,5,5,4,5,3,1,1,1,1,1,4,4,4,4,3,2,2,3,4,3,2,1,1,1,1,1,1,3,1,1,33,2
3,3,2,4,4,3,3,3,1,2,3,3,2,3,4,2,2,3,2,3,4,4,4,4,3,3,2,4,1,2,5,5,2,3,3,4,4,4,2,4,18,1
4,3,3,4,2,3,4,3,1,3,3,3,2,4,2,3,3,3,4,2,2,2,4,3,5,4,4,5,2,4,5,5,5,2,2,2,2,2,2,1,29,1
4,3,3,5,3,4,3,3,1,2,5,4,4,5,4,1,1,1,3,2,4,5,5,5,2,3,2,4,1,4,4,4,3,2,2,4,3,3,2,2,48,1
5,4,4,4,4,4,2,2,1,1,4,5,5,4,4,2,1,2,2,2,4,4,4,4,2,2,2,2,2,2,4,4,4,4,2,4,4,4,2,2,33,1
4,3,3,4,3,4,3,2,2,2,4,4,3,4,2,3,3,2,3,2,4,4,4,4,2,2,2,4,2,3,4,4,5,4,4,4,5,5,3,3,28,2
4,4,3,4,3,3,3,3,2,1,5,4,4,4,5,2,2,1,2,1,5,5,5,5,2,1,1,2,2,2,4,4,4,2,2,3,4,4,2,2,50,2
5,4,3,2,4,3,3,2,4,3,5,4,5,4,3,2,3,2,2,2,4,5,5,3,3,2,2,4,1,4,2,2,2,1,3,1,2,2,3,1,33,2
4,3,3,4,3,2,2,2,1,1,4,3,2,4,4,2,2,2,4,2,3,5,5,4,4,2,2,3,2,2,2,2,1,1,1,1,4,2,1,1,37,1
4,4,4,5,5,4,2,2,5,1,4,5,5,4,5,1,1,2,1,1,5,3,5,5,1,1,1,1,1,1,5,5,3,3,3,2,4,4,4,5,43,1
5,4,5,5,4,4,3,4,2,2,4,3,3,4,4,2,2,3,2,1,4,2,5,5,4,4,3,2,2,3,2,2,3,3,4,3,5,5,3,3,32,1
5,1,4,2,3,4,3,3,3,1,2,2,1,5,1,1,5,2,4,2,4,5,4,3,4,2,4,5,2,3,2,2,4,1,4,1,4,1,1,1,36,1
4,3,4,4,3,4,4,0,1,2,2,3,2,4,4,4,2,4,3,2,4,5,5,4,3,2,1,4,1,2,5,5,4,4,2,3,4,4,2,3,22,1
5,5,5,4,4,5,1,4,1,1,5,5,5,5,5,1,2,2,2,1,5,5,5,5,1,2,2,2,1,4,5,5,2,3,4,4,2,4,2,2,40,2
5,4,4,4,4,4,1,2,1,1,5,4,5,5,4,2,1,1,2,2,3,4,4,4,4,2,2,3,2,2,3,3,3,3,3,3,3,3,3,3,33,1
4,3,2,3,3,4,4,3,1,1,4,4,2,4,3,2,2,2,2,2,2,4,4,4,3,3,3,3,3,3,3,4,4,3,3,3,4,4,3,3,18,1
4,4,5,4,3,5,2,2,3,2,4,3,3,4,3,4,3,2,3,3,5,5,5,5,3,2,2,3,4,3,3,2,2,2,3,4,4,4,3,2,60,1
4,4,4,4,3,3,1,3,3,2,4,4,4,4,3,2,3,1,2,1,3,4,5,4,4,3,3,4,4,3,5,5,5,5,5,4,5,5,4,3,20,1
4,5,4,4,4,5,1,3,1,1,4,4,4,4,3,2,2,1,4,2,5,5,5,5,2,2,2,3,2,3,3,3,3,4,2,2,4,4,3,2,51,1
2,4,4,4,4,4,2,3,3,2,4,3,3,2,3,3,3,2,2,1,3,5,5,4,4,3,3,4,4,3,5,5,5,4,5,4,5,5,3,3,20,1
4,4,4,4,4,4,4,3,2,2,4,3,2,4,3,3,4,3,3,2,4,4,4,4,3,2,2,4,2,2,4,4,4,3,3,3,3,4,3,4,46,1
3,4,3,4,4,4,1,4,1,1,3,2,2,3,3,5,2,3,4,2,3,4,4,4,2,2,2,3,3,2,4,2,2,1,2,2,3,3,2,1,49,1
5,4,3,4,4,4,2,3,1,1,5,5,5,5,4,0,2,1,2,2,4,4,4,4,3,3,2,4,2,2,4,4,3,2,4,2,3,2,3,3,48,1
4,4,4,3,3,4,2,3,1,1,4,2,4,4,3,4,2,2,4,2,4,4,4,4,2,3,3,2,2,2,5,4,3,3,2,3,3,4,2,2,35,2
4,3,3,3,3,3,4,4,4,2,3,2,4,4,3,3,3,2,3,2,5,4,5,4,3,2,3,4,2,2,2,2,4,3,2,2,3,4,2,3,62,1
5,4,4,5,3,4,1,1,3,1,2,0,5,5,5,2,1,4,4,3,4,3,5,5,1,1,1,1,1,1,3,3,3,4,3,3,2,2,2,1,55,1
2,3,3,4,2,2,4,4,5,1,3,4,4,2,4,2,2,4,2,1,4,4,4,4,4,5,5,4,2,4,4,4,4,2,3,3,4,4,2,2,29,1
4,4,4,5,3,2,3,2,2,1,5,4,4,4,4,1,1,1,3,2,1,5,5,5,5,5,5,5,3,3,3,4,4,4,4,3,4,3,2,1,33,2
4,4,3,4,2,4,3,4,1,1,5,2,2,4,2,4,2,1,4,2,2,4,5,5,3,4,2,2,5,3,4,4,2,2,3,2,2,3,2,1,32,1
2,4,3,2,3,4,4,3,1,1,5,4,5,3,2,2,3,1,2,1,4,5,5,5,4,3,3,4,4,4,4,4,4,2,1,4,1,4,1,1,38,1
5,5,5,5,5,5,1,1,1,5,5,5,5,5,5,1,1,1,1,1,5,5,5,5,1,1,1,1,1,1,5,5,5,5,5,5,5,5,5,5,36,1
4,4,4,4,3,5,2,1,1,1,0,3,3,4,3,2,2,1,2,2,4,4,5,5,1,1,1,1,1,2,5,5,3,3,5,3,3,5,2,2,25,1
5,4,3,4,3,3,2,3,2,1,5,3,2,4,3,2,2,2,2,2,4,5,4,4,2,3,2,3,2,2,3,2,3,2,4,2,4,4,3,2,31,2
4,4,4,5,4,4,2,4,4,2,4,3,4,4,4,3,2,2,2,2,4,4,4,4,3,2,2,4,3,3,2,2,2,4,4,3,4,4,3,4,61,2
3,3,3,3,3,3,3,3,3,3,3,3,3,3,3,3,3,3,3,3,3,3,3,3,3,3,3,3,3,3,3,3,3,3,3,3,3,3,3,3,52,1
4,4,2,4,2,3,4,4,0,2,4,4,2,4,4,2,2,4,2,2,5,5,2,5,2,2,2,2,2,4,4,4,4,2,4,2,4,4,2,2,32,2
3,2,4,4,4,4,3,2,2,1,5,4,2,2,4,2,2,2,2,2,2,5,5,5,2,2,2,2,2,2,2,2,4,3,4,2,2,2,4,4,45,2
4,3,4,4,2,4,2,1,1,1,2,2,1,2,2,4,3,3,5,2,4,5,5,4,1,2,2,2,5,2,5,3,3,3,4,2,5,5,0,4,34,2
5,5,5,5,5,5,1,2,1,1,5,5,3,5,5,2,1,1,1,1,4,5,5,5,2,2,2,1,1,1,5,5,4,4,4,4,4,4,5,5,45,1
2,4,3,2,2,3,3,3,2,3,3,2,1,2,3,4,3,3,2,2,2,4,4,3,4,4,4,3,2,3,4,4,3,2,3,3,4,4,4,4,30,2
5,5,5,2,4,4,1,3,1,1,4,2,2,4,3,4,2,3,4,3,2,4,5,0,2,2,3,4,2,3,2,2,3,2,2,2,3,3,2,0,40,2
2,2,1,3,2,2,4,4,4,2,1,1,1,2,4,5,2,5,5,4,1,3,4,3,3,4,2,5,3,4,3,2,4,1,3,2,2,3,1,1,27,1
4,5,4,3,2,4,2,3,1,1,3,5,2,4,3,2,2,3,2,2,3,4,5,4,2,3,2,4,1,3,2,4,5,3,5,4,3,5,5,5,20,1
5,5,5,4,5,5,1,2,1,1,5,4,4,5,4,1,1,1,1,2,4,4,3,4,2,1,1,2,3,2,4,4,0,2,4,4,3,3,3,3,39,2
4,3,2,4,2,4,4,2,3,1,4,3,4,4,4,2,2,2,4,2,3,4,4,4,3,3,2,4,2,2,3,2,4,2,4,3,4,4,2,2,31,1
2,3,2,0,2,3,4,5,4,3,2,3,4,3,2,3,4,5,5,4,4,4,4,4,4,4,4,4,4,4,4,4,4,4,4,4,4,4,4,4,34,1
2,2,2,3,3,2,4,4,2,2,3,1,1,2,2,5,4,3,4,3,3,4,4,3,4,3,3,3,3,3,3,3,4,2,3,3,4,4,3,3,33,1
2,4,4,4,3,4,2,3,1,1,1,4,4,2,4,2,3,3,2,5,5,5,5,4,4,4,1,3,3,3,2,4,3,3,3,3,4,3,3,3,26,2
4,5,4,5,3,5,2,3,1,1,4,4,4,4,4,2,1,1,3,2,5,3,3,4,3,2,3,4,1,2,4,4,3,3,4,4,4,4,3,1,33,1
4,5,4,4,4,4,2,2,1,1,5,4,4,4,4,2,2,2,2,2,2,4,4,4,2,2,2,4,2,2,4,4,4,2,2,2,4,4,2,2,43,1
3,3,3,3,3,3,3,4,1,2,4,2,2,3,2,4,4,3,3,2,5,5,5,5,2,1,1,2,2,2,4,4,3,1,2,2,4,4,2,1,37,1
2,5,5,3,5,4,1,1,1,1,2,4,2,2,4,3,2,2,4,3,5,5,5,5,4,2,1,2,1,2,4,4,5,5,5,2,5,5,5,5,37,1
5,5,5,4,5,5,1,2,1,1,5,5,5,5,4,1,1,1,2,1,5,5,5,5,1,1,1,4,1,1,3,4,5,4,5,4,5,5,3,1,55,1
2,4,4,3,3,3,4,4,2,2,3,4,4,2,3,2,2,3,3,4,4,5,5,5,4,2,2,4,4,2,4,5,5,4,4,4,4,5,4,3,28,1
5,4,5,4,2,3,4,2,4,1,3,2,4,3,4,4,2,4,5,1,5,5,5,5,2,4,2,4,1,2,4,5,5,5,5,4,4,5,4,5,36,1
4,4,3,3,4,3,4,2,3,1,3,3,2,4,3,4,3,4,4,4,4,4,4,4,3,3,3,3,2,3,4,4,3,3,3,3,2,2,2,2,42,2
4,5,4,5,5,5,2,2,1,2,4,4,3,4,4,1,2,1,2,1,4,5,4,5,2,1,1,2,1,1,4,5,4,2,3,2,4,4,3,2,27,2
4,2,2,4,2,2,3,2,4,1,3,2,1,3,2,4,3,3,4,2,5,5,5,5,2,1,2,1,1,1,1,2,3,3,2,4,4,5,1,1,47,1
2,5,4,4,4,5,4,4,1,2,2,4,2,4,4,3,2,4,4,4,4,4,4,4,3,3,2,4,4,4,2,2,5,3,2,4,4,5,3,4,31,2
5,5,5,5,5,5,2,2,1,1,5,5,5,5,5,2,1,1,1,1,3,5,5,5,2,3,3,3,5,3,5,5,5,5,5,3,5,5,4,4,39,2
4,4,3,4,4,4,2,2,1,5,3,3,4,4,4,2,2,2,2,2,4,5,5,4,2,2,2,3,2,2,4,4,3,3,2,2,4,4,3,3,45,1
4,3,4,3,0,4,3,3,1,2,4,5,4,4,4,3,2,2,4,2,3,5,5,4,4,2,2,4,1,3,2,2,4,2,3,4,2,4,2,2,34,2
5,5,5,5,5,5,3,2,1,2,5,5,5,5,3,1,3,1,1,1,1,5,5,5,2,2,2,3,4,3,3,5,5,3,3,5,5,4,3,1,30,2
4,4,4,4,3,4,2,2,3,1,3,2,1,4,4,5,2,4,5,1,5,4,5,4,2,2,2,3,1,1,3,3,3,3,4,3,4,4,3,3,29,2
4,4,2,3,4,5,2,3,5,1,5,4,4,4,4,2,2,2,2,2,4,5,5,4,3,2,2,4,1,2,4,4,4,3,3,3,4,4,4,3,27,1
4,3,4,5,3,5,4,3,2,3,5,5,2,2,3,2,4,1,2,4,1,5,5,4,3,3,2,2,1,2,3,4,3,2,5,5,5,4,3,2,27,2
5,4,4,4,3,3,3,3,1,1,5,5,5,5,4,2,2,2,3,2,4,5,4,4,3,3,3,3,2,3,4,4,3,3,2,3,3,4,2,2,29,2
3,4,3,4,4,5,4,4,2,3,5,5,2,3,3,2,2,1,1,4,1,5,5,4,3,4,3,2,1,3,3,4,5,4,5,5,5,5,3,2,27,2
2,4,4,1,4,4,3,4,1,2,1,1,2,2,3,4,3,4,4,4,3,4,4,5,4,1,1,3,2,2,3,4,3,2,2,2,2,2,2,2,41,1
4,4,4,4,4,4,2,1,1,2,4,4,4,4,4,1,1,2,2,2,4,5,4,4,2,3,2,3,1,2,4,4,2,2,2,2,2,4,2,2,55,1
5,4,4,5,4,4,2,3,1,1,5,4,5,5,4,1,1,1,1,1,2,5,5,4,2,2,2,1,1,1,4,3,2,2,4,3,4,5,3,4,65,2
4,4,4,4,3,4,3,2,1,2,4,4,4,4,4,2,2,2,2,1,3,4,5,4,3,2,2,2,1,2,4,4,3,2,2,2,3,3,3,3,46,2
4,4,3,4,4,4,3,2,1,2,5,2,2,3,4,4,2,2,4,2,4,4,4,4,2,2,2,2,1,2,4,3,3,2,2,1,3,4,2,2,53,2
5,4,4,5,4,5,1,3,1,5,5,5,5,5,5,1,1,1,2,1,4,5,5,5,1,1,1,1,1,3,5,4,3,2,4,3,5,5,3,3,65,2
5,5,4,4,3,4,2,2,1,1,5,4,4,4,3,2,1,1,1,1,3,4,4,4,2,2,2,3,2,3,4,2,3,1,3,2,5,4,1,2,24,2
4,4,4,3,4,4,3,3,2,3,4,2,2,4,3,4,3,2,4,3,3,5,3,2,4,2,2,4,4,4,2,2,3,2,3,3,3,3,2,2,43,2
5,2,2,3,3,3,3,4,2,1,4,2,4,4,3,4,2,2,3,1,3,4,5,4,4,3,3,3,1,2,3,4,3,2,2,2,2,4,2,2,30,2
4,4,5,4,4,4,3,4,1,1,4,4,5,3,3,2,2,1,3,1,4,5,5,4,2,1,1,3,1,2,5,4,3,2,4,3,4,4,3,2,25,1
3,4,4,4,2,4,3,4,1,1,4,5,4,4,3,1,2,2,2,2,4,5,5,5,2,2,1,2,1,1,4,4,5,5,4,5,4,4,4,5,25,1
4,4,3,4,3,4,2,2,1,1,5,4,4,4,3,2,2,1,3,2,4,5,4,4,3,2,2,3,2,2,4,4,3,2,4,2,4,4,2,2,29,1
4,5,5,4,4,5,3,3,2,2,4,3,4,4,4,3,2,2,3,2,4,5,5,5,3,1,1,3,4,3,4,4,3,3,3,2,4,4,3,3,26,1
3,4,4,3,3,4,2,2,2,2,3,3,2,2,3,3,2,3,4,4,4,3,4,4,4,3,2,3,2,3,4,4,2,2,2,1,2,3,2,1,41,1
3,3,2,2,4,4,4,4,2,2,4,4,3,3,2,2,4,2,2,2,4,4,4,4,3,3,2,2,3,3,3,2,4,3,4,3,4,2,2,3,35,2
2,1,1,2,2,4,5,5,2,2,2,1,1,2,1,5,4,4,5,4,2,4,4,2,5,5,5,5,4,4,4,4,4,2,4,2,1,4,2,1,35,2
4,4,2,5,2,2,4,4,4,2,3,3,1,2,4,4,2,4,4,2,3,5,5,3,3,3,4,4,1,4,1,1,1,1,2,4,1,1,1,1,30,2
2,4,3,2,3,4,3,3,2,1,3,2,1,2,4,2,2,2,2,1,2,5,5,5,4,2,2,4,1,3,3,3,3,2,2,2,3,4,3,2,31,2
2,4,3,2,3,3,3,3,1,5,3,2,1,2,2,4,3,3,4,4,3,4,5,5,3,2,2,3,3,3,4,4,3,2,2,2,2,3,1,1,35,1
2,2,2,2,2,2,4,4,2,3,2,2,2,2,2,4,3,2,4,3,2,5,5,5,2,2,3,4,1,3,2,2,2,1,1,1,2,4,1,1,30,1
4,3,3,2,3,3,3,2,3,1,3,3,4,4,3,3,3,3,3,2,4,4,5,5,3,1,1,2,1,1,2,2,4,3,4,4,3,5,3,3,43,1
4,4,4,4,3,4,2,5,1,1,4,4,4,4,3,3,2,1,3,1,3,5,4,4,4,3,3,3,5,4,5,5,4,4,4,4,3,4,2,2,21,2
4,3,2,4,3,3,3,3,2,1,5,4,4,4,4,2,2,2,3,2,4,3,5,4,2,2,2,3,1,2,4,3,3,3,4,3,3,3,3,3,36,1
5,5,5,5,4,5,1,2,1,1,4,4,4,4,5,1,1,2,1,2,4,4,5,4,2,2,2,2,1,1,5,5,4,4,4,3,4,4,5,5,45,1
5,5,5,5,3,4,3,3,2,2,4,4,2,4,4,2,2,1,3,2,4,5,5,5,2,3,3,3,1,3,2,2,2,2,5,3,4,4,2,2,28,2
4,4,4,4,4,4,2,2,1,1,4,4,4,4,4,1,1,2,2,1,5,4,4,4,3,2,2,2,1,2,4,4,4,3,3,4,4,4,3,4,39,2
4,4,3,4,4,3,3,3,2,2,4,3,2,3,3,4,2,2,4,2,4,4,5,5,4,1,1,1,1,1,3,4,4,3,4,3,4,4,3,3,35,2
4,2,2,2,4,2,4,4,4,4,4,3,4,4,2,3,4,3,3,4,4,4,4,4,3,2,2,2,2,2,2,2,3,2,1,1,2,3,2,2,17,2
2,4,3,1,3,3,2,2,2,1,2,1,1,3,3,5,3,4,4,2,2,2,4,3,4,3,3,4,5,3,4,4,4,2,2,2,4,3,2,2,43,2
3,3,3,3,3,3,3,2,2,2,4,3,3,3,3,3,2,2,3,3,4,4,4,4,3,2,2,3,2,2,3,3,2,3,3,2,2,3,0,2,28,2
4,4,4,5,5,4,3,3,1,1,5,3,4,4,5,3,1,2,1,1,2,5,5,5,1,1,1,2,1,1,5,4,4,4,4,2,3,4,4,2,26,2
4,4,4,2,4,5,4,4,1,1,2,4,4,4,3,2,2,3,4,2,5,5,5,5,1,1,1,3,1,2,4,4,3,4,3,4,3,3,3,2,29,2
4,4,4,4,3,4,2,1,2,2,2,3,1,4,4,2,2,2,2,4,4,5,3,4,4,2,2,3,1,2,2,2,2,2,4,2,4,2,1,1,32,2
4,4,3,4,3,4,2,2,2,2,4,3,3,4,3,4,2,2,4,3,3,4,4,4,2,2,3,2,2,3,4,4,4,3,2,2,3,2,2,2,41,1
4,2,4,3,2,4,4,4,2,3,4,2,2,4,2,4,4,2,2,4,4,4,2,3,4,2,3,2,2,4,4,4,2,2,4,2,3,2,2,2,30,2
3,2,2,4,3,4,4,4,4,2,4,4,3,3,4,2,2,2,1,1,1,4,3,4,4,4,2,2,2,4,2,2,4,4,4,4,4,4,4,3,23,2
5,4,4,5,4,4,4,4,3,3,4,3,2,5,5,3,3,3,4,4,5,5,5,4,4,3,3,3,5,4,4,4,4,4,3,3,5,5,4,4,24,2
4,4,5,3,0,4,2,3,3,4,4,4,3,4,4,2,3,3,3,1,4,2,5,3,4,5,3,4,2,4,2,3,4,4,4,4,3,3,2,2,50,2
3,4,2,4,3,4,3,3,4,3,3,3,3,3,3,3,3,3,4,4,3,5,4,4,2,2,2,3,2,3,3,3,4,4,4,2,3,4,3,3,37,1
2,3,4,3,4,0,3,4,3,2,2,3,2,2,2,2,4,2,3,4,4,4,4,4,4,3,3,3,2,4,4,4,3,3,4,4,3,3,2,2,32,1
4,4,4,4,3,4,3,2,2,2,4,2,2,4,3,2,2,2,3,4,2,4,3,2,4,4,3,4,2,2,4,2,2,2,4,2,3,4,2,2,34,2
4,3,4,3,4,3,2,3,2,2,4,4,2,4,3,2,3,2,2,1,4,4,4,4,2,2,2,2,2,2,2,2,2,2,2,3,2,2,2,2,57,2
5,5,4,5,4,4,1,1,1,2,5,5,5,5,5,1,1,1,1,1,4,5,5,5,1,1,1,3,1,1,1,1,2,1,1,1,4,5,1,1,32,2
5,5,5,5,4,4,3,3,1,1,5,4,3,5,4,3,1,1,2,1,4,5,5,5,2,1,1,2,1,2,4,3,4,3,3,3,3,3,3,3,38,1
4,4,3,4,2,3,4,2,2,2,4,4,3,4,3,2,2,2,2,2,2,4,4,4,3,2,2,2,2,3,3,4,3,2,3,2,2,2,2,2,27,2
3,4,3,4,3,3,4,3,3,3,3,3,3,3,4,3,3,3,3,4,4,4,4,4,3,3,3,3,3,3,3,3,4,4,3,3,4,4,3,4,28,1
5,4,4,4,4,4,2,2,1,1,3,2,4,4,4,4,2,2,4,2,5,5,5,5,2,2,1,2,1,2,3,3,2,1,1,2,4,4,1,2,65,1
3,4,3,4,4,4,3,3,2,1,5,4,3,3,3,2,2,2,3,2,4,4,4,4,3,2,1,3,1,3,5,3,2,1,1,1,3,3,2,1,35,1
4,4,5,4,5,5,3,3,1,1,4,4,2,3,3,2,2,2,2,3,4,5,5,5,3,3,2,4,1,4,5,4,0,2,3,3,4,3,2,3,26,2
4,4,4,3,4,4,2,2,1,2,4,4,2,4,2,2,2,2,2,1,4,4,4,3,4,2,2,4,2,2,2,2,4,2,2,2,4,3,1,1,29,2
5,4,4,4,4,4,3,3,2,2,4,4,4,4,4,2,2,2,2,2,4,5,4,0,3,2,3,3,2,3,3,3,3,3,3,4,4,4,3,3,30,2
5,3,3,4,4,3,2,2,1,1,4,4,3,5,3,2,3,2,2,2,3,4,4,4,4,2,1,3,1,2,4,4,3,1,3,2,3,2,2,1,25,2
1,1,4,1,4,4,4,2,2,4,1,1,1,1,1,5,5,5,5,5,3,2,4,2,5,4,3,3,2,5,4,3,2,2,4,3,2,4,3,3,28,1
4,4,2,4,4,3,4,4,2,4,4,4,2,5,2,2,3,1,1,2,5,5,5,5,1,2,2,2,2,1,5,5,3,2,5,5,4,5,4,2,30,2
4,3,3,4,4,4,3,3,2,3,4,4,3,4,4,2,2,2,3,2,5,5,5,5,2,2,2,3,2,3,3,3,3,2,3,3,4,4,3,3,32,2
4,5,4,5,4,4,2,3,1,1,1,2,4,4,4,4,2,2,4,2,5,5,4,5,2,3,2,3,2,2,4,4,2,2,2,2,3,4,3,4,46,2
4,2,2,4,4,3,4,4,2,4,5,5,2,5,2,2,4,2,2,4,5,5,5,5,2,2,2,2,1,2,5,5,2,2,5,5,3,4,4,2,30,2
4,4,4,4,3,3,3,3,2,2,4,3,3,4,4,3,2,2,4,2,5,5,5,4,4,2,2,2,2,3,3,3,3,1,3,4,4,2,1,2,30,2
4,4,3,3,4,4,3,3,2,2,5,3,2,4,3,2,2,2,2,2,4,5,5,5,2,2,2,3,2,2,4,4,4,3,3,3,4,3,2,2,23,1
5,5,5,4,4,5,1,1,1,5,5,5,5,5,4,1,1,1,1,1,4,5,4,4,3,1,1,3,3,2,5,5,4,3,0,5,5,5,5,5,38,2
5,5,4,4,4,5,2,2,1,1,4,4,5,5,4,2,2,2,1,1,5,5,5,5,1,1,1,2,1,2,5,5,3,3,4,2,4,4,2,2,40,2
3,3,4,4,4,4,3,3,4,3,4,3,1,3,4,2,2,2,4,3,4,5,5,4,4,2,3,2,2,4,4,4,3,1,4,3,4,4,1,2,37,1
2,4,4,3,2,4,1,4,2,3,5,2,4,2,2,3,4,2,4,2,4,4,5,2,5,4,3,5,1,4,4,4,3,2,4,4,2,4,2,2,23,1
4,4,3,4,4,4,2,3,2,2,4,4,3,4,4,1,1,1,4,2,4,4,5,4,2,2,2,2,1,1,4,5,4,3,5,3,5,4,3,3,34,1
4,4,4,3,2,4,4,4,3,1,2,1,1,4,3,4,3,4,4,2,3,4,5,4,3,4,2,5,1,2,4,5,4,4,5,1,5,5,3,4,37,1
3,3,5,4,4,5,3,4,3,2,3,3,3,3,3,2,3,3,3,3,3,5,4,4,2,3,1,3,1,2,4,3,2,5,4,5,3,3,2,2,27,1
5,3,4,4,0,3,2,2,2,1,4,4,2,5,3,2,2,2,3,5,4,4,5,4,2,2,1,2,1,2,3,3,3,3,4,3,4,4,2,2,41,1
5,5,5,5,3,4,3,2,2,4,5,4,2,5,5,2,1,1,2,1,4,5,5,3,4,4,4,4,2,3,3,4,3,4,3,4,3,4,3,3,41,2
5,4,4,4,5,5,1,1,2,1,5,5,4,4,4,2,2,1,2,1,5,4,4,4,2,1,2,2,1,2,5,4,3,3,4,2,3,4,2,4,49,1
3,1,1,2,2,1,3,4,4,1,3,2,2,3,2,3,4,3,4,2,4,4,3,3,3,3,3,3,3,3,4,3,2,1,3,2,4,4,1,2,45,1
4,4,4,4,4,4,2,2,1,1,4,4,3,4,4,3,2,2,2,2,3,4,4,4,2,2,2,2,2,2,4,3,2,2,2,3,3,3,3,3,33,1
2,4,3,4,5,2,4,2,1,1,2,2,2,2,2,4,2,4,4,1,2,5,5,5,2,4,2,4,1,2,4,4,4,4,4,4,2,4,2,2,42,2
4,4,4,5,2,4,4,2,1,1,5,2,2,0,4,2,1,2,4,4,5,5,0,5,2,1,1,4,1,2,4,4,2,2,2,1,4,2,4,1,34,2
5,4,3,4,3,4,2,3,1,2,4,4,3,5,3,2,2,2,4,3,4,5,5,5,4,2,2,3,2,3,4,4,4,3,4,4,4,4,3,4,34,2
4,3,3,3,2,3,2,3,1,1,4,3,4,4,2,3,4,2,3,3,5,4,5,5,2,2,2,2,1,2,4,3,3,3,4,3,3,4,3,2,35,1
4,2,2,2,3,2,3,3,2,2,5,2,4,4,2,4,3,1,2,2,3,5,5,5,4,4,4,3,2,3,3,3,2,3,3,2,4,3,2,1,16,1
3,5,5,3,5,5,1,3,3,3,3,3,1,3,5,3,1,3,3,1,5,5,5,5,3,1,1,1,5,3,3,1,5,3,5,5,3,5,3,3,16,2
4,1,1,3,1,2,3,3,4,2,4,4,4,4,2,1,3,3,3,1,3,4,4,4,2,2,1,3,1,2,4,4,4,3,3,2,4,4,1,2,33,1
5,5,5,4,4,4,2,3,5,1,4,4,4,5,4,2,2,1,2,1,4,3,4,3,3,1,1,4,5,1,5,5,4,4,4,4,4,4,3,3,30,1
4,4,3,3,3,3,3,2,2,2,4,2,2,4,3,3,3,2,3,4,4,4,4,3,3,2,2,3,2,2,2,2,2,2,2,2,3,3,3,3,42,1
5,4,4,4,5,5,2,2,1,1,4,3,4,5,4,3,2,2,3,2,4,5,5,5,2,3,3,4,1,2,3,2,3,3,3,2,3,4,2,3,60,2
4,4,3,3,4,4,4,4,1,1,2,2,2,4,4,5,2,5,5,2,4,3,5,5,3,1,1,4,2,2,5,5,4,4,4,1,4,5,1,4,32,1
5,5,5,4,5,4,1,1,1,1,5,5,5,5,5,1,1,1,1,2,4,5,5,5,4,1,1,3,1,1,5,5,5,3,3,4,3,5,5,4,19,1
4,3,4,4,4,4,2,4,1,1,4,4,4,4,4,2,2,2,2,2,5,5,5,5,3,1,1,2,1,2,4,4,3,3,3,2,4,4,3,3,31,1
5,4,3,4,3,3,2,3,1,1,5,5,5,5,4,2,1,1,2,2,4,5,5,4,3,2,2,3,1,1,4,3,2,1,1,1,3,3,1,1,33,1
1,4,4,1,5,5,2,2,1,5,1,2,3,1,1,3,4,5,2,1,4,4,5,2,5,4,2,5,5,4,4,4,4,4,4,3,5,5,5,4,46,1
5,4,4,4,3,4,3,2,2,1,4,4,3,4,4,2,2,1,2,3,2,5,5,5,4,3,2,3,2,2,4,3,4,3,4,3,4,4,3,3,26,1
4,3,3,4,3,3,3,3,4,1,1,4,4,3,4,2,3,4,2,3,4,3,3,3,3,4,3,4,2,4,2,1,1,2,1,3,3,4,1,1,43,1
5,4,4,4,4,4,3,3,1,2,4,4,4,5,4,3,2,1,3,2,3,5,5,5,3,3,3,4,1,4,4,4,4,4,4,4,4,4,4,4,35,2
5,5,4,5,4,5,2,2,1,1,5,4,4,5,4,1,1,1,2,1,3,5,4,4,3,2,1,3,1,3,5,5,5,5,5,4,3,3,4,4,40,1
4,4,4,5,4,4,2,2,1,2,4,5,4,4,4,2,1,2,2,2,4,5,4,5,4,2,1,4,2,2,4,4,3,4,2,3,4,3,2,3,31,1
4,2,2,4,2,2,4,3,2,1,4,4,3,3,3,2,2,3,2,3,4,3,3,3,3,4,3,3,3,2,2,2,2,3,2,2,2,2,2,0,35,1
5,5,3,4,4,2,1,2,2,1,5,3,4,4,5,3,1,1,4,2,4,3,4,4,3,2,1,3,2,4,3,2,3,2,4,2,4,4,2,1,54,2
5,4,4,4,3,4,2,2,1,1,5,3,3,4,4,2,2,1,3,1,5,5,5,5,1,2,1,1,2,1,5,4,4,4,4,4,4,5,2,2,29,1
3,2,2,3,2,3,3,3,3,2,3,3,2,3,3,3,4,4,4,4,3,4,4,3,4,3,3,4,2,4,2,2,3,2,2,3,3,3,2,2,60,1
2,5,4,4,3,5,1,3,2,3,3,3,3,2,4,2,2,3,3,3,2,5,5,5,4,1,3,4,4,2,4,1,4,3,4,3,3,5,4,1,15,2
4,4,3,3,4,4,2,2,1,1,4,2,2,4,3,4,2,2,2,1,4,5,5,5,1,2,2,2,1,2,3,3,2,2,2,2,2,4,2,2,38,2
4,4,4,4,4,3,2,4,2,1,4,4,4,4,4,4,4,2,2,2,3,2,4,4,2,2,2,4,4,2,4,2,2,2,4,4,2,4,3,4,34,2
5,4,3,5,4,4,1,2,1,1,5,4,5,5,4,2,1,2,3,2,4,4,4,4,2,2,1,2,1,1,4,4,3,3,3,3,4,4,4,4,23,1
4,4,2,2,0,3,4,3,1,1,5,2,2,2,1,4,4,3,4,1,4,5,5,3,3,3,2,4,2,2,4,4,4,3,4,4,2,2,1,2,39,2
